"supplier_name","country","city","vat_number","registration_number","supplier_code"
"BAC ENGINEERING CONSULTANCY GROUP","ES","BARCELONA",NA,NA,"BOMA03"
"INSTALACIONES INABENSA","ES","SEVILLA","A41694266","A41694266","INAB01"
"COMSA EMTE","ES","ESPLUGUES DE LLOBREGAT",NA,NA,"EMTE02"
"FUNDICIONES FUNSAN SCL","ES","DURANGO (VIZCAYA)","B-48032049",NA,"FUNS50"
"GRUPO GENERAL CABLE SISTEMAS SA","ES","BARCELONA",NA,"B61966420","CABL75"
"TRINOS VACUUM-PROJECTS","ES","PATERNA (VALENCIA)",NA,NA,"TVP-02"
"TALLERES PIEDRAFITA S.A.","ES","HUESCA","A-22016208","B22016208","TALL01"
"TALLERES PIEDRAFITA S.L.","ES","HUESCA","A-22016208","B22016208","TALL01"
"NOVATEK EUROPA S.L.","ES","MADRID",NA,NA,"NOVA09"
"INGOVI","ES","TERRASSA","B63124788",NA,"INGO81"
"GTD SA - SPIE TRINDEL - HEKATRON GMBH","ES","BARCELONA","A58 393 778",NA,"GR3S03"
"TELSTAR TECNOLOGIA MECANICA, S.L.","ES","ALDAIA, VALENCIA","B63124788",NA,"TTM-01"
"IDOM INGENIERIA S.A.","ES","MADRID",NA,NA,"IDOM02"
"ANTEC S.A.","ES","PORTUGALETE",NA,"A48511737","ANTE01"
"G&P VACUUM-PROJECTS","ES","PATERNA (VALENCIA)",NA,NA,"GPVP01"
"ENERTRON","ES","TORRES DE LA ALAMEDA (MADRID)",NA,NA,"ENER09"
"IDESA","ES","GIJON (ASTURIAS)",NA,NA,"IDES01"
"CENTRO DE ESTUDIOS Y EXPERIM.DE OBRAS PUBLICAS","ES","MADRID","Q28 170 03C",NA,"CENT05"
"INGESA BARRACHINA","ES","PATERNA",NA,"B98456080","BARR11"
"UNIVERSIDAD DE OVIEDO","ES","OVIEDO, ASTURIAS",NA,NA,"UNI207"
"ERASAN TECHNOLOGY","ES","VALENCIA",NA,"B98380884","TEC496"
"INT GRUP CONGRESS AND EVENTS","ES","BARCELONA",NA,NA,"UNIV50"
"VACUUM-PROJECTS (THE)","ES","PATERNA (VALENCIA)",NA,NA,"TVP-02"
"INDRA SISTEMAS","ES","ALCOBENDAS (MADRID)",NA,NA,"INDR50"
"EMTE (SP) - DRAKA (DE)","ES","BARCELONA",NA,NA,"GR2T96"
"BOMAINPASA","ES","BARCELONA",NA,NA,"BOMA03"
"TEYCO","ES","BARCELONA","08156572",NA,"TEYC01"
"TOP PROYECTOS Y CONTRATAS, S.L.","ES","BARCELONA","08156572",NA,"TEYC01"
"GEC/ES, GEC/FR +CEGELEC+CLEMESSY","ES","MADRID",NA,NA,"GR3S04"
"GEC(ES) GEC(FR)+ CEGELEC+CLEMESSY","ES","MADRID",NA,NA,"GR3S04"
"GEC ALSTHOM TRANSPORTE S.A.","ES","MADRID",NA,NA,"GEC-03"
"ALSTOM(ES) ALSTOM(FR) CLEMESSY (FR)","ES","MADRID",NA,NA,"GR3S04"
"GTD S.A.","ES","BARCELONA",NA,NA,"GTD-50"
"MESTRE ARQUITECTOS","ES","BARCELONA",NA,"B65353211","MEST01"
"BOMA (BRUFAU, OBIOL, MOYA & ASSOCIATES)","ES","BARCELONA",NA,NA,"BOMA03"
"DOPEC","ES","BARCELONA",NA,"B60452430","DOPE01"
"FORCIMSA","ES","BARCELONA",NA,NA,"FORC06"
"PIE XAVIER","ES","SANT QUIRZE DEL VALLES,","35079818B",NA,"PIE-02"
"ALUVISILES","ES","SANTA PERPETUA DE LA MOGODA",NA,"B60830767","ALUV01"
"PREINCO","ES","SAN MARTIN DE LA VEGA",NA,"A78987450","PREI01"
"ISOLUX INGENERIA","ES","MADRID",NA,"U85542546","ISOL16"
"FML","ES","BARCELONA",NA,"B65779563","FML-01"
"CADITASA","ES","SANT BOI DE LLOBREGAT",NA,"B58183724","CADI05"
"ADIVA - AISLAMIENTOS Y DIVISIONES DEL VALLES","ES","SABADELL","B62423785","B04672127","ADIV02"
NA,"ES","BARCELONA",NA,NA,"FORC06"
"MEFUSPER SL","ES","BARCELONA",NA,"B66064064","MEFU01"
"AZUL ACOCSA","ES","BARCELONA",NA,"B08272742","AZUL01"
"ARNELA COLL","ES","BARCELONA",NA,"B62260062","ARNE01"
"ASCENSORS DEL VALLES","ES","SENTMENAT","58326067","A58326067","ADV-04"
"CLARA TORMO SORIANO","ES","BONREPOS MIRAMBELL (VALENCIA)",NA,NA,"CLAR12"
"VIVERS TER, S.A.","ES","ANGLES - GIRONA",NA,"A17217811","VIVE01"
"MCD GRUP","ES","BARCELONA",NA,NA,"MCD-01"
"FDESIGNSTUDIO","ES","BADALONA",NA,"XX","FDES01"
"TALLERES JOSE ARROYO, S.L.","ES","LECINENA ZARAGOZA",NA,"B50839026","TJA-01"
"ESTEL IBERICA","ES","BARCELONA","A 059057398","A59057398","ESTE05"
"GUERAU SL","ES","BARCELONA",NA,"B58572470","GUER05"
"ADIVA","ES","SABADELL","B62423785","B04672127","ADIV02"
"TELESONIC","ES","LASARTE-ORIA GUIPUZCOA",NA,"U75059741","TEL-42"
"SEVEN SOLUTIONS","ES","GRANADA",NA,NA,"SEVE04"
"INTEGRASYS S.A.","ES","LAS ROZAS","79429171","A79429171","INT246"
"MASTER INGENIERIA ARQUITECTURA","ES","BARCELONA",NA,"A62913264","MIA-02"
"ABB SA","ES","MADRID",NA,NA,"ABB-38"
"ABB (SPAIN)","ES","MADRID",NA,NA,"ABB-38"
"COFELY ESPANA SAU (GDF-SUEZ GROUP)","ES","L'HOSPITALET DE LLOBREGAT",NA,"V63048045","COFE01"
"DMP - DESARROLLOS MECANICOS DE PRECISION","ES","MENDARO (GIPUZKOA)",NA,"B20644993","DMP-01"
"TEKNIKER","ES","EIBAR (GUIPUZCOA)",NA,"G20545729","TEKN02"
"CIEMAT","ES","MADRID",NA,"Q2820002J","CIEM01"
"ALBA CELLS - CONSORCIO PARA LA CONSTRUCCION, EQUIPAMIENTO Y","ES","CERDANYOLA DEL VALLES","Q0801209H",NA,"CONS24"
"CSIC","ES","MADRID",NA,NA,"CSIC02"
"G.T.D / ES - CETE APAVE / FR","ES","BARCELONA",NA,NA,"GR2S29"
"FUNDICIONES DURANGO SA","ES","ABADINO (BIZKAYA)",NA,NA,"FUND04"
"CROVISA","ES","BARCELONA",NA,NA,"CROV01"
"ROMPAL INGENIEROS SA","ES","L'HOSPITALET DE LLOBREGAT",NA,"A08934119","ROMP50"
"JEMA SA","ES","MADRID",NA,NA,"JEMA25"
"CTS","ES","ALCALA DE HENARES  (MADRID)","B79434031","B79434031","CTS-50"
"ADDED VALUE SOLUTIONS","ES","ELGOIBAR",NA,"B20912408","AVS-03"
"GENERAL CABLE (SPAIN)","ES","BARCELONA",NA,"B61966420","CABL75"
"ORMAZABAL INTERNATIONAL BUSINESS","ES","ZAMUDIO BIZKAIA",NA,"B95288338","INT315"
"AKHELEC","ES","BARCELONA","64888720","B64888720","AKHE01"
"NORTEMECANICA S.A.","ES","CARRENO (ASTURIAS)","-A33771445","A33771445","NORT03"
"TELSTAR INDUSTRIAL SL (TELSTAR TECHN MECANICA (EX INGOVI ))","ES","TERRASSA","B63124788",NA,"INGO81"
"ASTURFEITO S.L.","ES","CARRENO (ASTURIAS)","B33344078",NA,"ASTU01"
"GRAU ALCAZAR MAQUETAS","ES","BARCELONA","37.293.884-M",NA,"GAM-01"
"TALLERES MERCIER S.A.","ES","ZARAGOZA","A50004431",NA,"TALL07"
"CTS-CENTRO DE TRATAMIENTOS DE LA SUPERFICIE","ES","ALCALA DE HENARES  (MADRID)","B79434031","B79434031","CTS-50"
"SENER INGENIERIA Y SISTEMAS S.A.","ES","TRES CANTOS (MADRID)",NA,NA,"SENE50"
"MONDIAL & CITITRAVEL CONGRESOS SL","ES","BARCELONA",NA,NA,"MOND05"
"INSTITUTO DE FISICA CORPUSCULAR (IFIC)","ES","PATERNA  - VALENCIA",NA,NA,"INS-68"
"ELYTT ENERGY","ES","MADRID","B95235495",NA,"ELYT01"
"HOTEL H10 MARINA BARCELONA","ES","BARCELONA",NA,"XXXXX","HOTEG8"
"HOTEL CAMPUS","ES","BELLATERRA",NA,NA,"HOTEI3"
"ROSENBAUER ESPANOLA","ES","MADRID","A28859833","A28859833","ROSE05"
"ANTEC","ES","PORTUGALETE",NA,"A48511737","ANTE01"
"ENERTRON S.A.","ES","TORRES DE LA ALAMEDA (MADRID)",NA,NA,"ENER09"
"AUXITROL IBERICO SA","ES","TORREJON DE ARDOZ",NA,NA,"AUXI50"
"EUS TECHNOLOGIAS SA","ES","MADRID",NA,NA,"EUS-01"
"FIBERTECNIC S.A.","ES","ALAVA",NA,NA,"FIBE80"
"DRAGADOS Y CONSTRUC.SA/S.E.L.I.SPA","ES","MADRID",NA,NA,"GR2S18"
"TECNICAS AERONAUTICAS MADRID (TAM)","ES","MOSTOLES","G80397409",NA,"TECN01"
"ELAY","ES","ANTZUOLA (GUIPUZCOA)","20540415",NA,"ELAY01"
"UNIVERSIDAD DE MADRID","ES","MADRID",NA,NA,"UNIV89"
"CUNADO INTERNACIONAL S.A.","ES","ALCANA DE HENARES (MADRID)",NA,NA,"CUNA01"
"BICC GENERAL CABLE S.A.","ES","BARCELONA","108 102 790",NA,"BICC03"
"TROBO SA","ES","RUBI (BARCELONA)",NA,NA,"TROB01"
"BICC CABLES ESPANA","ES","BARCELONA",NA,"B61966420","CABL75"
"GRUPO DURO FELGUERA","ES","BARROS ASTURIAS",NA,NA,"FELG01"
"CASA (CONSTRUC. AERONAUTICAS)","ES","MADRID-BARAJAS",NA,NA,"CASA05"
"ICMA-INSTITUTO DE CIENCIA DE MATERIALES DE ARAGON","ES","ZARAGOZA",NA,NA,"ICMA50"
"INDUSA C.B.","ES","SALINAS ASTURIAS",NA,NA,"INDU14"
"GTD/ES-CEGELEC/FR-ALSTOM S&S/BE","ES","BARCELONA",NA,NA,"GR3S32"
"EMPRESARIOS AGRUPADOS","ES","MADRID",NA,"V28664472","AGRU50"
"ESMENA SA","ES","GIJON",NA,NA,"ESME02"
"LANTEC","ES","AIZOAIN-NAVARRA",NA,NA,"LANT01"
"GTD SA/ES, ALSTOM SA/FR","ES","BARCELONA",NA,NA,"GR2S84"
"EADS CASA ESPACIO SL (EX CASA (CONSTRUC. AERONAUTICAS))","ES","MADRID-BARAJAS",NA,NA,"CASA05"
"TTM -TELSTAR TECHNOLOGIA MECANICA S.L.( EX INGOVI )","ES","TERRASSA","B63124788",NA,"INGO81"
"CONSTRUCCIONS MECANIQUES SOLPEY SL","ES","SANT VICENC DE CASTELLET","B08518276","B08518276","SOLP75"
"INSYTE","ES","MADRID",NA,NA,"INSY02"
"TELSTAR S.A.","ES","TERRASSA (BARCELONA)",NA,"B63797559","TELS75"
"SERTEC SL","ES","GETAFE (MADRID)",NA,"B83379792","SERT07"
"CRYOVAC (SPAIN)","ES","FUENLABRADA, MADRID","B81572430","B81572430","CRYO16"
"CADINOX","ES","BELAUNTZA",NA,"A20076105","CADI04"
"ARATZ","ES","VITORIA-GASTEIZ (ALAVA)",NA,"A01011238","TALL03"
"AZBIL TELSTAR TECHNOLOGIES","ES","TERRASSA (BARCELONA)",NA,"B63797559","TELS75"
"SERTEC","ES","GETAFE (MADRID)",NA,"B83379792","SERT07"
"SADES","ES","BARCELONA",NA,"A08110330","SADE04"
"COSMA EMTE","ES","ESPLUGUES DE LLOBREGAT",NA,NA,"EMTE02"
"TEKNOSERVICE","ES","SEVILLA","41485228","B41485228","TEKN07"
"INSTRUMENTOS DE MEDIDA (SPAIN)","ES","MADRID",NA,NA,"INS232"
"LASER GALICIA","ES","PORRINO","B36401305","B36401305","LASE36"
"D+T MICROELECTRONICA A.I.E","ES","CERDANYOLA DEL VALLES","60878857","B14597793","MIC-69"
"MECANIZADOS KANTER","ES","OIARTZUN (GUIPUZCOA)",NA,"A20441630","KANT02"
"INTARCON","ES","LUCENA",NA,"B14779136","INTA04"
"ELYTT ENERGY S.L.","ES","MADRID","B95235495",NA,"ELYT01"
"TALLERES PIEDRAFITA","ES","HUESCA","A-22016208","B22016208","TALL01"
"GOIALDE","ES","ZESTOA GIPUZKOA",NA,"B75035774","GOIA01"
"MANCISIDOR","ES","ELGOIBAR",NA,"B20659058","MANC02"
"JUMAR GASTEIZ S. COOP. PEQUENA","ES","VITORIA-GASTEIZ",NA,"F01461540","JGSC01"
"INMEPRE","ES","VITORIA-GASTEIZ",NA,NA,"INME01"
"INDISSOLUBLE","ES","BARCELONA",NA,NA,"INDI03"
"FUGRUB","ES","CABRERA DE MAR BCN",NA,NA,"FUGR02"
"INTECSA - INARSA","ES","MADRID",NA,NA,"INTE05"
"EGONDO, S.L.","ES","ELGOIBAR",NA,"B20179321","EGON02"
"GABADI SL","ES","NARON","15225055",NA,"GABA01"
"ALIBAVA SYSTEMS","ES","BELLATERRA, BARCELONA","65653677","B65653677","ALIB01"
"D+T MICROELECTRONICA","ES","CERDANYOLA DEL VALLES","60878857","B14597793","MIC-69"
"FUTURE FIBRES RIGGING SYSTEMS","ES","MUSEROS",NA,"B97462428","FFR-01"
"AUTOPULIT SA","ES","MANRESA",NA,NA,"AUTO11"
"AUTOTECNO INDUSTRIAL TRADING CENTER S.L.","ES","BARCELONA",NA,NA,"AUTO13"
"TAIM-TFG (Talleres Industriales Mineros)","ES","ZARAGOZA",NA,NA,"TAIM01"
"BEAT ANDALUCIA","ES","SEVILLA",NA,NA,"BEAT03"
"SANCOR","ES","MONTORNES DEL VALLES,BARCELONA",NA,"B61075081","SANC04"
"PROCON SYSTEMS, S.A.","ES","BADALONA",NA,"A60864840","PROC17"
"FIGUERAS INTERNATIONAL SEATING","ES","LLICA D'AMUNT (BARCELONA","B-08178238","B08178238","INT300"
"INDRA SISTEMAS S.A.","ES","ALCOBENDAS (MADRID)",NA,NA,"INDR50"
"INGOVI TECHNOLOGIAS ADVANZADAS SL","ES","TERRASSA","B63124788",NA,"INGO81"
"IBERDROLA INGENIERIA Y CONSULTORIA","ES","BILBAO (VIZCAYA)",NA,NA,"IBER08"
"CRISA","ES","TRES CANTOS (MADRID)",NA,NA,"CRIS20"
"GTD SA / SPIE TRINDEL / HEKATRON GMBH","ES","BARCELONA","A58 393 778",NA,"GR3S03"
"G T D S.A.","ES","BARCELONA",NA,NA,"GTD-50"
"PRINCIPIA - EQE","ES","MADRID",NA,NA,"PRIN04"
"ABB ANDREO BOET-EQUIPS INDUSTRIALS","ES","BARCELONA",NA,NA,"ABB-20"
"SIDASA","ES","MADRID",NA,NA,"SIDA01"
"CORPORACION SRB ENERGY, S.L.","ES","VALENCIA",NA,NA,"RBE-01"
"GTD SA - AMEC SPIE- HEKATRON GMBH","ES","BARCELONA","A58 393 778",NA,"GR3S03"
"COMSA INSTALACIONES Y SISTEMAS INDUSTRIALES SL","ES","BARCELONA","A64381072","768268224","EMTE02"
"COMSA INSTALACIONES Y SISTEMAS INDUSTRIALES SAU","ES","BARCELONA","A64381072","768268224","EMTE02"
"SA DE ELECTRIFICACIONES Y SUMINISTROS (SADES)","ES","BARCELONA","A08110330","460017551","SADE04"
"INDRA SISTEMAS","ES","ALCOBENDAS","A28599033",NA,"INDR50"
"COMSA EMTE","ES","BARCELONA","A64381072","768268224","EMTE02"
"INDISSOLUBLE","ES","BARCELONA","B60557659",NA,"INDI03"
"Indra Sistemas","ES","ALCOBENDAS","A28599033",NA,"INDR50"
"MICROTEST SA","ES","MADRID","A80693146",NA,"MIC162"
"VALTRIA ENGINEERING SA","ES","BARBERA DEL VALLES","A98474984","464843651","VALT04"
"INTEGRATED CIRCUITS MALAGA","ES","ALARO","92331990",NA,"INT411"
"TELESONIC","ES","GUIPUZCOA","A20095436",NA,"TEL-42"
"ANTEC MAGNETS S.L.U.","ES","PORTUGALETE","B95795985","466164210","ANTE01"
"FYLA LASER S.L.","ES","PATERNA","B97756563","B97756563","FYLA01"
"ANTEC MAGNETS SLU","ES","PORTUGALETE","B95795985","466164210","ANTE01"
"ROMPAL INGENIEROS","ES","HOSPITALET DE LLOBREGAT","A08934119","1528885662411","ROMP50"
"UNIVERSITAT AUTONOMA DE BARCELONA (UAB)","ES","BARCELONA",NA,NA,"UNIV50"
"CIEMAT","ES","MADRID","Q2820002J","Q2820002J","CIEM01"
"TTI (SPAIN)","ES","SANTANDER","B39385083",NA,"TTI-01"
"UNIVERSIDAD POLITECNICA MADRID (UPM)","ES","MADRID",NA,NA,"UPM-01"
"PROCON SYSTEMS","ES","BADALONA","A64864840",NA,"PROC17"
"VACUUM-PROJECTS (THE)","ES","Paterna","B97704126",NA,"TVP-02"
"PROCON SYSTEMS, S.A.","ES","BADALONA","A64864840",NA,"PROC17"
"NANOKER RESEARCH","ES","OVIEDO","B74255902",NA,"NANO11"
"ARCE CLIMA SISTEMAS Y APLICACIONES SL","ES","CULLEREDO","B15814296","ESB15814296","ACS-14"
"NORTEMECANICA","ES","CARRENO","A33771445","A33771445","NORT03"
"ECOFRED RUBI","ES","RUBI BARCELONA",NA,NA,"ECOF04"
"ARCE CLIMA SISTEMAS Y APLICACIONES S.L.","ES","CULLEREDO","B15814296","ESB15814296","ACS-14"
"SERVICIOS DE TECNOLOGIA INGENIERIA E INFORMATICA SL","ES","GETAFE","B81254880",NA,"SERT07"
"CSIC - CONSEJO SUPERIOR INVESTIGACIONES CIENTIFICAS","ES","BELLATERA",NA,NA,"CSIC01"
"ELYTT ENERGY","ES","Madrid","B95235495","512722158","ELYT01"
"PROINSENER ENERGIA, S.L.","ES","AZNALCOLLAR, SEVILLA","B90023524",NA,"PROI02"
"IK4-TEKNIKER","ES","Eibar","G20545729","F13","TEKN02"
"TELESONIC SAU","ES","GUIPUZCOA","A20095436",NA,"TEL-42"
"SADES","ES","BARCELONA","A08110330","460017551","SADE04"
"CADIELSA VALLADOLID, S.L.","ES","VALLADOLID","B47092283","B47092283","CADI07"
"Seven Solutions","ES","GRANADA","B18763979","ESB18763979","SEVE04"
"UNIVERSIDAD DE SEVILLA","ES","SEVILLA","Q4118001I",NA,"UNI170"
"ORMAZABAL INTERNATIONAL BUSINESS","ES","ZAMUDIO","B95288338",NA,"INT315"
"RESISTENCIAS TOPE, SA","ES","SANT ANDREU DE LA BARCA",NA,"A-08110181","RESI09"
"LGAI TECHNOLOGICAL CENTER,SA","ES","BELLATERRA","A63207492",NA,"TEC809"
"IDE ELECTRIC SL","ES","ZUERA ZARAGOZA",NA,NA,"ELE506"
"ESINDUS SA","ES","MADRID","28058758",NA,"ESIN50"
"CDTI MINIST.DE INDUS. Y ENERGIA (ILO SPAIN)","ES","MADRID",NA,NA,"CDTI50"
"APLIQUEM MICROONES 21","ES","VALENCIA","B97770689",NA,"MIC195"
"LIBNOVA","ES","MADRID",NA,NA,"LIBN74"
"EDUARDO TALON","ES","BARCELONA","44023660G",NA,"ETA-07"
"SERTEC","ES","GETAFE","B81254880",NA,"SERT07"
"MEFABI S.L.","ES","VITORIA","B01370527",NA,"MEFA04"
"UNIVERSAL","ES","RIBARROJA DEL TURIA VALENCIA",NA,NA,"UNI420"
"BTESA BROAD TELECOM","ES","Leganes","A81311573",NA,"BTES01"
"EVERIS","ES","BARCELONA",NA,NA,"EVER16"
"LUCIANA LEVERATTO","ES","BARCELONA","X4173353A",NA,"LUCI04"
"AKHELEC SPAIN","ES","CASTELLDEFELS","3852231060","X9864904C","AKHE02"
"UNIVERSITAT POLITECNICA DE CATALUNYA","ES","BARCELONA",NA,NA,"UNIV97"
"TEKNIKER","ES","Eibar","G20545729","F13","TEKN02"
"MICROLAN (SPAIN)","ES","HUARTE NAVARRA","B-31816234","B31816234","MIC-94"
"TEKNOSERVICE","ES","SEVILLA","B41485228",NA,"TEKN07"
"ROMPAL INGENIEROS SA","ES","HOSPITALET DE LLOBREGAT","A08934119","1528885662411","ROMP50"
"CADIELSA VALLADOLID SL","ES","VALLADOLID","B47092283","B47092283","CADI07"
"RAMEM","ES","TORREJON DE ARDOZ","A78278868",NA,"RAME02"
"ADDED VALUE SOLUTIONS","ES","ELGOIBAR","B20912408",NA,"AVS-03"
"SEVEN SOLUTIONS","ES","GRANADA","B18763979","ESB18763979","SEVE04"
"GENERAL CABLE (SPAIN)","ES","BARCELONA","B08102790",NA,"CABL75"
"CADINOX","ES","BELAUNTZA","A20076105",NA,"CADI04"
"THE VACUUM PROJECTS SLU","ES","Paterna","B97704126",NA,"TVP-02"
"TTI NORTE","ES","SANTANDER","B39385083",NA,"TTI-01"
"NORTEMECANICA S.A.","ES","CARRENO","A33771445","A33771445","NORT03"
"UNIVERSITY OF BASQUE COUNTRY (SGIKER)","ES","Leioa","Q4818001B",NA,"UNI422"
"ALTER TECHNOLOGY TUV NORD","ES","SEVILLA","A41990490",NA,"TEC478"
"TECNITEST INGENIEROS SL","ES","MADRID","B81767659",NA,"TECN66"
"INDRA SISTEMAS + HEWLETT-PACKARD (HP) + ADVANIA","ES","ALCOBENDAS (MADRID)",NA,NA,"GR2U10"
"BROAD TELECOM, SA","ES","Leganes","A81311573",NA,"BTES01"
"IDOM INGENIERIA SA + B+S INGENIEURS CONSEILS SA","ES","MADRID",NA,NA,"GR2U11"
"ANTEC S.A.","ES","PORTUGALETE","B95795985","466164210","ANTE01"
"TRINOS VACUUM-PROJECTS","ES","Paterna","B97704126",NA,"TVP-02"
"UNIVERSIDAD CARLOS III DE MADRID","ES","GETAFE",NA,NA,"UNI298"
"DESARROLLOS MECANICOS PRECISION (DMP)","ES","MENDARO","B75210203","468851494","DMP-01"
"GUNNEBO ESPANA","ES","MADRID","A61213989",NA,"GUNN03"
"CONSTRUCCIONS MECANIQUES SOLPEY SL","ES","SANT VICENC DE CASTELLET","B08518276","ESB08518276","SOLP75"
"ADIX INGENIERA SLU","ES","TOMELLOSO","-13337563","CIF FOR SPAIN","AIS-11"
"INSTALACIONES INABENSA","ES","ALCALA DE HENARES (MADRID)","A41694266",NA,"INAB01"
"PRECISGAL UTILLAJE SLU","ES","VIGO","B27719806","461271824","PUS-01"
"RYMSA RF SL","ES","ARGANDA DEL REY","B86728375","88695","RYMS50"
"3BYMESA","ES","ARGANDA DEL RAY (MADRID)",NA,NA,"BYME01"
"MECANICAS BOLEA","ES","CARTAGENA","A30618821",NA,"MECA83"
"RECICLADOS Y TRANSFORMADOS DE MARMOLES Y PIEDRAS SL","ES","CARAVACA DE LA CRUZ","B73706970",NA,"TRST90"
"SA De Electrificaciones y Suministros (SADES)","ES","BARCELONA","A08110330","460017551","SADE04"
"EMPRESARIOS AGRUPADOS","ES","MADRID","A80473424","A80473424","AGRU50"
"GMV SOLUCIONES GLOBALES INTERNET","ES","MADRID","A83057034","462279436","INT543"
"POSADA DE LA VILLA","ES","MADRID",NA,NA,"POSA02"
"CONSORTIUM : SAO-01 - ALS-07 - EIFF05","ES","ABANILLA",NA,NA,"GR3S77"
"SERTEC SL","ES","GETAFE","B81254880",NA,"SERT07"
"TRATAMIENTOS SUPERFICIALES IONTECH, S.A.","ES","OIARTZUN  GIPUZKOA",NA,NA,"TRAT02"
"LA IMPRENTA CG","ES","PATERNA (VALENCIA)","B96734108",NA,"IMPR48"
"--DUPLICATE SEE CSIC03--CSIC - CONSEJO SUPERIOR INV","ES","BELLATERA",NA,NA,"CSIC01"
