"supplier_name","country","city","vat_number","registration_number","supplier_code"
"ENDEL GDF SUEZ","FR","AVOINE",NA,"43827703000112","SCTN01"
"ASSYSTEMS (FR) - INBIS (UK) CONSORTIUM","FR","PARIS",NA,NA,"GR2T60"
"CHAVANEL MANUTENTION","FR","SALES/RUMILLY",NA,NA,"CHAV04"
"FENWICK DE-STA-CO","FR","ST OUEN CEDEX",NA,"60200874000261","FENW55"
"AW LEVAGE","FR","CIVRIEUX EN DOMBES",NA,"478679459","AW--02"
"REEL","FR","ST BONNET DE MURE",NA,NA,"REEL50"
"GISMARTWARE","FR","CHAMPAGNE AU MONT D'OR",NA,NA,"GISM02"
"TRAD","FR","LABEGE CEDEX",NA,NA,"TRAD02"
"CABLERIE PLANCHER","FR","BEAUGENCY",NA,NA,"CABL11"
"ALSTOM (FRANCE)","FR","ST JEAN DE BRAYE",NA,"38905844700043","ALST88"
"HIREX ENGINEERING SAS","FR","RAMONVILLE SAINT AGNE",NA,"38971552500041","HIRE01"
"CEA - DAM VALDUC (FOR RADIOACTIVE SHIPMENT ONLY)","FR","IS SUR TILLE",NA,NA,"CEA-03"
"BAUER GEAR MOTOR (FRANCE)","FR","TRAPPES",NA,NA,"DANF01"
"PIE DIFFUSION","FR","ACHERES",NA,NA,"PIE-01"
"OMERIN","FR","AMBERT",NA,NA,"OMER02"
"REMI GAILLARD INGENIEUR CONSEIL","FR","SAINT-ARNOULT EN YVELINES",NA,"45404146800017","RGI-01"
"AZ PRO CONCEPT","FR","BELIGNEUX",NA,"30442995400049","AZ--03"
"DESCOURS & CABAUD  - PROLIANS","FR","BELLEGARDE SUR VALSERINE",NA,"38976785600088","DESC50"
"JACOB-DOSATEC","FR","EAUBONNE","381570746000","38157074600044","JACO10"
"YELLOZ COMPONENTS","FR","BRON",NA,"38513143800165","YELL01"
"EXOLIGENT EX HLP TECHNOLOGIES","FR","COLOMBES",NA,NA,"HLP-01"
"SECTOR TECHNOLOGIES","FR","EYBENS","6150372437","503 724 379 00014","TEC676"
"FARNELL","FR","LIMONEST CEDEX",NA,"388 245 029 00086","FARN45"
"KAESER FRANCE","FR","VAULX EN VELIN",NA,"31344635300036","KAES01"
"COLFAX POMPES ( EX POMPES ALLWEILER)","FR","TOURS","05314439886","31443988600081","ALLW75"
"AIR LIQUIDE (FRANCE)","FR","CHAMPIGNY SUR MARNE","81552096281","31411950401002","LAIR50"
"L'AIR LIQUIDE (FRANCE)","FR","CHAMPIGNY SUR MARNE","81552096281","31411950401002","LAIR50"
"AERZEN FRANCE","FR","ANTONY CEDEX",NA,"69200346000015","AERZ01"
"AERZEN (FRANCE)","FR","ANTONY CEDEX",NA,"69200346000015","AERZ01"
"ALCATEL (FRANCE)","FR","VELIZY VILLACOUBLAY CEDEX",NA,"48763109500030","ALCA68"
"ENSIVAL MORET KESTNER","FR","TOURS CEDEX 2",NA,"33414876400023","ENSI25"
"WEG FRANCE SAS","FR","SAINT QUENTIN FALLAVIER CEDEX","61481072163","481 072 163","WFS-02"
"JOHNSON CONTROLS INDUSTRIES SAS","FR","DECINES CEDEX",NA,"34305695800089","JCI-01"
"SKF MAGNETIC MECHATRONIC SAS (S2M)","FR","SAINT MARCEL","306954736","30695473600022","S---03"
"EFD INDUCTION","FR","SEYSSINET-PARISET",NA,"32979001800025","EFD-03"
"AIP (NIEF PLASTIC)","FR","CHASSIEU CEDEX",NA,"32509072800024","AIP-01"
"INEO GDF SUEZ","FR","SAINT GENIS POUILLY","18313987547","40986811400284","INEO01"
"MABEO CYCLADES ANNEMASSE","FR","VILLE-LA-GRAND",NA,"33256495400318","MCA-02"
"PHYSICAL INSTRUMENTS","FR","LE PERREUX SUR MAME",NA,"48270099400031","INS169"
"T.M. FORISSIER","FR","ST CHAMOND CEDEX 1",NA,"58450229800022","FORI50"
"MULTI BAC","FR","TOULOUSE","17492731807","49273180700011","MULT47"
"BENE-INOX","FR","SAINT PRIEST MI-PLAINE","311810287","31181028700012","BENE75"
"COUDRAY TECHNOLOGIES","FR","MAGLAND",NA,"39398626000023","TEC533"
"SPI ENERGIE","FR","THYEZ",NA,"40865027300027","SPI-02"
"KROHNE SA","FR","ROMANS CEDEX",NA,"43638013300021","KROH50"
"VULCANIC SA","FR","NEUILLY-SUR-MARNE",NA,"34759217200014","VULC25"
"IPDIA","FR","CAEN",NA,"51260386100026","IPDI01"
"RDS - REGULATION DES SYSTEMES","FR","LES MARCHES",NA,"33865531900048","RDS-50"
"OLYMPUS FRANCE S.A.S","FR","RUNGIS CEDEX",NA,NA,"ENDO01"
"SOLUTIONS INTEGREES & CLOISONS (SIC)","FR","MELAMARE",NA,"792197592","SIC-04"
"POMPES GROSCLAUDE","FR","BRON",NA,"50966640000023","POMP02"
"ABB FRANCE - ABB ASEA BROWN BOVERI LTD COMPANY","FR","COURTABOEUF",NA,"33514631200210","ABB-01"
"REVOL SARL","FR","VILLEURBANNE CEDEX",NA,"95551204100034","REVO01"
"LOCABRI & ICARE INDUSTRIES DEPARTMENT","FR","BRIGNAIS",NA,"30445316000026","LOCA02"
"LOSBERGER GROUP (FRANCE)","FR","BRUMATH",NA,"44906233000021","LOSB01"
"SCHNEIDER ELECTRIC (FRANCE) (CRITICAL POWER & COOLING SERV.)","FR","DECINES",NA,NA,"ELE275"
"PGEP - PROFESSIONAL GENERAL ELECTRONIC PRODUCT","FR","VERNON","82327919452","38172406100019","PPG-01"
"SOCOTEC S.A.","FR","BOURG EN BRESSE",NA,"54201665400882","SOCO07"
"HADEF FRANCE","FR","JANNEYRAS",NA,NA,"HADE01"
"ETABLISSEMENTS P. CLAUX & FILS ET CIE","FR","BRIVE LA GAILLARDE",NA,"30133209400012","EPC-04"
"MORGAN ADVANCED CERAMICS","FR","BARENTIN",NA,NA,"MAC-06"
"INEO GDF SUEZ (FR) - COFELY (ES)","FR","SAINT GENIS POUILLY",NA,NA,"GR2T76"
"SARL GENEVE ESPACES VERTS( WIESMANN PEPINIERISTE-PAYSAGISTE","FR","PREVESSIN-MOENS",NA,"37882766100018","WIES50"
"SIEPEL S.A.S","FR","LA TRINITE SUR MER",NA,NA,"SIEP01"
"SCHNEIDER ELECTRIC IT FRANCE","FR","SAINT PRIEST","73444643720","44464372000238","MGE-01"
"BAMO MESURES","FR","ARGENTEUIL",NA,"31405586400065","BAMO50"
"ETRONICS (FRANCE)","FR","ST GERMAIN EN LAYE","56315382937","31538293700029","ETRO01"
"CEIHP","FR","ANNEMASSE",NA,"44123281600021","CEIH01"
"T.S.A. (TECHNOLOGIES ET SYSTEMES D'AUTOMATISATION)","FR","TAVERNY CEDEX",NA,"33966046600022","TSA-01"
"ELCOM","FR","BOURGOIN JALLIEU",NA,"34027657500040","ELCO01"
"BRONKHORST FRANCE","FR","MONTIGNY LES CORMEILLES",NA,"35271482800014","INS-03"
"CNRS - ILE DE FRANCE","FR","GIF SUR YVETTE",NA,"18008901304827","CIF-01"
"QUALITY SOURCE - GROUPE CHROMATEX","FR","GUYANCOURT","80399432863","43950340000020","QUAL11"
"THK FRANCE","FR","CHAMPAGNE AU MONT D'OR",NA,"44337487100020","THK-01"
"COORSTEK (FRANCE)","FR","EVREUX CEDEX","7644031612","44031684200036","COOR05"
"TRANSRAIL BOIGE & VIGNAL","FR","VAULX EN VLIN",NA,"44457920500022","TRA-38"
"PMB (ALCEN GROUP)","FR","PEYNIER",NA,"41933220000031","META06"
"ENDEL(EX DELATTRE  LEVIVIER)","FR","COLOMBES CEDEX",NA,NA,"ENDE04"
"BIANCO ET CIE","FR","BELLEGARDE SUR VALSERINE",NA,NA,"BIAN25"
"AIRBUS SAFRAN LAUNCHERS SAS","FR","ISSY LES MOULINEAUX","8251903224",NA,"SAFR03"
"RICHARDSON ELECTRONICS (FRANCE)","FR","NANTERRE CEDEX",NA,"38965611700030","RICH77"
"DEDIENNE MULTIPLASTURGY","FR","CLAMART","66775723083","77572308300041","DEDI01"
"VCF TP  EX: GTM TP LYON","FR","BRON CEDEX",NA,NA,"GTM-05"
"IDEE CLIM","FR","BELLEGARDE SUR VALSERINE",NA,NA,"IDEE01"
"SCITA","FR","SAINT ALBAN LEYSSE",NA,"43451832000016","SCIT01"
"SEF - SOCIETE ETUDE & FABRICATION POUR RECHERCHE & INDUSTRIE","FR","LABEGE (TOULOUSE)",NA,"32292671800014","SEF-50"
"HIGH TECH CERAM","FR","NEMOURS CEDEX","53907350656","90735065600035","FRIA51"
"GARROT-CHAILLAC","FR","PEROLS CEDEX",NA,"31038081100086","GARR05"
"LAPP MULLER","FR","GRIMAUD",NA,"44846467700013","MULL12"
"DIB PRODUCTION","FR","CHENOVE",NA,"35316910500015","DIB-01"
"KALRAY","FR","MONTBONNOT","95507620557","507620557 RCS EVRY","KALR01"
"ABS ALTO","FR","GRENOBLE CEDEX 2","543913019910",NA,"ABS-01"
"SET LEGO","FR","MARSEILLE",NA,NA,"SET-07"
"G.R.C. TEC INDUSTRIE","FR","SAINT HELENE DU LAC",NA,NA,"GRC-01"
"TOUCH AND STORE FRANCE","FR","MARSEILLE CEDEX 13",NA,"52929222900018","TAS-02"
"TECHNOMETAL - GUIDAGE LINEAIRE","FR","TREMBLAY EN FRANCE CEDEX",NA,"39088551500036","TECH71"
"ELETTA INSTRUMENTATION SAS","FR","CUSSET","56514786904","51478690400011","INS200"
"OTND - ONET TECHNOLOGIES NUCLEAR","FR","ST GENIS POUILLY",NA,"45132750600031","ONET50"
"ERIKS SAS","FR","COIGNIERES",NA,"71204329800033","ERIK04"
"SAPHYMO (FRANCE)","FR","SAINT-QUENTIN-EN-YVELINES","81562088930","56208893000127","SAPH75"
"HYDRETUDES","FR","ARGONAY",NA,"37992646200092","HYDR45"
"ESPACE CONCEPT","FR","CHALEZEULE",NA,"42286855400029","ESPA21"
"EUROP'TOURS","FR","DIVONNE LES BAINS",NA,"43497631200018","EUR100"
"LES CHAPITEAUX DE PARIS","FR","FONTENAY TRESIGNY",NA,"35359053200019","CHAP10"
"CPCOM EUROPE SARL (EX CP.COM / PROMOCADEAUX)","FR","NIEVROZ",NA,"49337573700019","CCP-02"
"KILOUTOU","FR","ANNEMASSE",NA,"31768606101546","KILO01"
"ATC ALPES","FR","CRAN GEVRIER",NA,"44157772300014","ATC-04"
"PROLIVE","FR","SAINT GENIS POUILLY",NA,"51935179500017","PROL06"
"WIKA-DIMO SARL","FR","DAMMARIE-LES-LYS",NA,NA,"WIKA04"
"EMV FRANCE","FR","GENNEVILLIERS",NA,"37942652100033","EMV-02"
"TEKTRONIX","FR","LES ULIS CEDEX",NA,NA,"TEKT25"
"DISTRAME SA )","FR","SAINTE SAVINE","03380194019","38019401900077","FRAN50"
"RS COMPONENTS (FRANCE) - RADIOSPARES","FR","BEAUVAIS CEDEX","68334534039","33453403900030","RADI91"
"SRA INSTRUMENTS SARL","FR","MARCY L'ETOILE","40342068731","34206873100039","INS136"
"NOVAPACK TECHNOLOGIES SARL","FR","SAINT EGREVE",NA,NA,"NOVA40"
"TECHNI-PRIM SARL","FR","LA TREMBLADE","75383839594","38383959400041","TEC595"
"PLURITEC FRANCE","FR","STAINS",NA,"33050326900038","PLUR45"
"MINERAIS DE LA MEDITERRANEE","FR","BALARUC-LES-BAINS","22306771783","30677178300025","MINE04"
"MANUDAX FRANCE SA","FR","MAISONS ALFORT CEDEX","80612042119","61204211900042","MANU03"
"EOLANE (FRANCE)","FR","SAINT AGREVE",NA,"38497955500016","ARDE02"
"SAMIFI FRANCE","FR","CROISILLES",NA,"52074309700039","SAMI02"
"GE MEASUREMENT et CONTROL SAS","FR","LIMONEST",NA,"45040278900025","TEC112"
"PLDA (PLD APPLICATIONS)","FR","AIX EN PROVENCE",NA,"03 407 666 650","PLD-01"
"ROCKWOOD WAFER RECLAIM","FR","GREASQUE",NA,"50018807300026","RWR-01"
"POLY DISPENSING SYSTEMS - PDS","FR","MESNIL LE ROI",NA,NA,"PDS-03"
"ISP - INTERNATIONAL SAVINGS PROVIDER (FRANCE)","FR","CALUIRE (LYON)","38449955590","44995559000046","ISP-04"
"PLANSEE/CIME BOCUZE SAS(EX:CIME BOCUZE)","FR","SAINT PIERRE EN FAUCIGNY","80383966892","38396689200036","CIME50"
"RAZEL-BEC (FR) - BIANCO (FR) - CASTEL & FROMAGET(FR)","FR","ORSAX CEDEX",NA,NA,"GR3S76"
"PAPETERIE BUREAUTIQUE INFORMATIQUE (PBI)","FR","CESSY",NA,"34941292400012","PAPE62"
"AHREND FRANCE","FR","LILLE",NA,NA,"AHRE01"
"ALUFER S.A.","FR","LA ROCHE SUR FORON",NA,NA,"ALUF01"
"A.I.R.L.AGENCEMENT INDUSTRIEL RAYONNAGE LOURD","FR","MEYTHET",NA,NA,"AIRL02"
"DUWIC S.A.S. (EX DUWICQUET)","FR","DUISANS","92746320290",NA,"DUWI01"
"HAULOTTE","FR","MIRIBEL",NA,NA,"HAUL02"
"BRESS DALLAGE","FR","BOURG EN BRESSE",NA,NA,"BRES01"
"AMEC SPIE- CEGELEC","FR","ST GENIS POUILLY",NA,NA,"GR2S50"
"ATELIERS MAITRE EUROPE","FR","LA FORET DU TEMPLE",NA,NA,"MAIT50"
"S.V.T. S.A.","FR","PARIS",NA,NA,"SVT-50"
"GRUTER & MARCHAND","FR","NANTERRE",NA,"59206093300021","GRUT01"
"A.C.G.P. CACI","FR","SASSENAGE",NA,NA,"ACGP01"
"FRANKEL INDUSTRIE","FR","MORANGIS CEDEX","53775703614","77570361400062","FRAN95"
"GRAPHI-TEC","FR","SEYNOD",NA,NA,"GRAP82"
"BACHMANN S.A.","FR","IVRY-SUR-SEINE",NA,NA,"BACH03"
"S.C.I. LE MARAIS (STE CIVILE IMMOBILIERE)","FR","GEX",NA,NA,"SCI-04"
"DUWICQUET","FR","DUISANS","92746320290",NA,"DUWI01"
"HULS","FR","PUTEAUX CEDEX",NA,NA,"HULS01"
"CEFILAC FARGERE INDUSTRIE ""W"" voir CARB62","FR","ST ETIENNE CEDEX",NA,NA,"CEFI63"
"CHARLES BRAMI","FR","BEZONS",NA,NA,"BRAM50"
"MECANINDUS","FR","MONTFORT L AMAURY",NA,NA,"MECA05"
"SOFICAR S.A.","FR","ST MAURICE CEDEX",NA,NA,"SOFI25"
"MCB INDUSTRIE","FR","ARGENTEUIL",NA,"38519784300043","MCB-50"
"LEPSI-LAB. ELEC. ET PHYS. DES SYSTEMES INSTR.","FR","STRASBOURG CEDEX",NA,NA,"LEPS50"
"COFATHEC SERVICES","FR","MEYTHET",NA,NA,"COFA01"
"NICOLITCH SA","FR","EVRY",NA,NA,"NICO75"
"LEPERCQ S.A. LE RUBAN ADHESIF","FR","CHASSIEU CEDEX",NA,NA,"LEPE75"
"CHARLYROBOT","FR","CRUSEILLES",NA,NA,"CHAR38"
"CALEO S.A.","FR","BUC CEDEX",NA,NA,"CALE50"
"VERLINDE","FR","VERNOUILLET CEDEX",NA,NA,"VERL04"
"JALLUT - MSA","FR","ST MARTIN D HERES",NA,NA,"JALL01"
"LEDUC","FR","VAUX-LE-PENIL",NA,NA,"LEDU01"
"ETS FUMET SA","FR","SAINT LAURENT/SAONE",NA,NA,"FUME02"
"LEONI FLEX SA","FR","BURNHAUPT LE HAUT",NA,NA,"LEON04"
"INSTRUTEC SA","FR","MONTIGNY LES CORMEILLES",NA,"35271482800014","INS-03"
"UNIQUE-IMPACT MEMEC ( EX UNIQUE MEMEC)","FR","RUNGIS",NA,NA,"UNIQ04"
"MATELCO","FR","BRON",NA,NA,"MATE11"
"SENSOREX S.A.","FR","ARCHAMPS","25334474111","33447411100021","SENS75"
"POLYDECOUPE FRANCE","FR","RAMBERVILLERS",NA,NA,"POLY16"
"ETS. ROGAY","FR","OYONNAX",NA,NA,"ROGA01"
"SKF EQUIPEMENTS","FR","MONTIGNY LE BRETONNEUX",NA,NA,"SKF-03"
"ARROW ELECTRONIQUE S.A.","FR","SAINT-PRIEST",NA,"72206860800172","ARRO50"
"MECALIM","FR","BRIVE LA GAILLARDE",NA,"40034099800014","MECA35"
"P.T.C. (PRODUCT TRADE CONSEIL)","FR","VAUCRESSON",NA,NA,"PTC-01"
"DATALINER JOHANSSON S.A.","FR","MARNE LA VALLEE CEDEX 3",NA,NA,"DATA48"
"LGB BRICAUD","FR","VILLEURBANNE CEDEX","38973501547",NA,"LGB-01"
"EUROINDUSTRIE","FR","PARIS",NA,NA,"EURO115"
"SHIVA TECHNOLOGIES EUROPE","FR","TOURNEFEUILLE",NA,"40247364900026","SHIV01"
"S.C.T. STE COMMERCIALE TOUTELECTRIC","FR","TOULOUSE CEDEX",NA,NA,"SCT-01"
"INSTITUT DE RECHERCHES SUBATOMIQUES","FR","STRASBOURG CEDEX 2",NA,NA,"INS-02"
"LAM PLAN SA","FR","GAILLARD","7579688014","79688014400020","LAMP50"
"DALMEC SARL","FR","CARRIERES-SUR-SEINE CEDEX",NA,NA,"DALM02"
"SERVOLINE","FR","LYON",NA,NA,"SERV19"
"INSTITUT DE PHYSIQUE NUCLEAIRE DE LYON (IPNL)","FR","VILLEURBANNE CEDEX",NA,NA,"INS-06"
"WIND RIVER SYSTEM EUROPE","FR","LES ULIS CEDEX",NA,NA,"WIND40"
"CLIMBER SERVICE FRANCE","FR","EMAGNY",NA,NA,"CLIM04"
"JENOPTEC SA","FR","JOUY EN JOSAS",NA,NA,"JENO02"
"SERVOLINE *** W=voir JEAM01 ***","FR","LYON",NA,NA,"SERV19"
"POL'AIR FLUIDES SARL","FR","RUMILLY",NA,NA,"POL-01"
"MESATRONIC S.A.","FR","VOIRON",NA,NA,"MESA01"
"SOS INTERNATIONAL","FR","VALLAURIS",NA,NA,"SOS-02"
"FRANC-COMTOISE INDUSTRIE","FR","SAINT-CLOUD",NA,NA,"FRAN34"
"HOLDING LA JACONNIERE","FR","LE FONTANIL",NA,"38086448800016","JACO08"
"SERMATI","FR","SAINT CERE",NA,NA,"SERM06"
"GEODESIE MAINTENANCE SERVICES (GMS)","FR","NORT SUR ERDRE",NA,NA,"GEOD01"
"MADA","FR","EPAGNY",NA,"38272674300018","MADA25"
"SAMTEC FRANCE","FR","MAGNY LE HONGRE",NA,NA,"SAMT01"
"REMT","FR","HEYRIEUX",NA,NA,"REMT01"
"SOCIETE DES USINES QUIRI ET CIE","FR","SCHILTIGHEIM","588 502 906","58850290600013","QUIR50"
"ARDELEC TECHNOLOGIES","FR","SAINT AGREVE",NA,"38497955500016","ARDE02"
"VARDAS SERGE","FR","SAINT-CYR/MENTHON",NA,"34375326500028","VARD01"
"AZENN","FR","MONTAUBAN DE BRETAGNE",NA,"38920514700017","AZEN01"
"SPECTRUM CONTROL","FR","VELIZY",NA,NA,"SPEC22"
"MATELECO RHONE ALPES","FR","SEYSSINET PARISET CEDEX",NA,NA,"MATE75"
"ALFA LAVAL SNC","FR","LES CLAYES SOUS BOIS",NA,NA,"ALS-01"
"HARDTECH","FR","CLARET",NA,"32484524700018","HARD04"
"EUROCOMPOSANT","FR","VOISINS LE BRETONNEUX","84351874896","35187489600035","EURO44"
"OPTILAS SA","FR","EVRY CEDEX",NA,NA,"OPTI56"
"METACERAM","FR","PEYNIER",NA,"41933220000031","META06"
"KOBOLD SARL","FR","CERGY PONTOISE CEDEX",NA,NA,"KOBO56"
"ABELEC","FR","ST GENIS POUILLY",NA,NA,"ABEL01"
"MORGAN MATROC SA","FR","BARENTIN",NA,NA,"MORG15"
"FINEQ SA","FR","LYON",NA,NA,"FINE75"
"ENSIVAL","FR","TOURS CEDEX 2",NA,"33414876400023","ENSI25"
"MIDEC","FR","ANNEMASSE",NA,NA,"MIDE50"
"MOTEURS LEROY SOMER","FR","ANGOULEME CEDEX",NA,NA,"LERO63"
"BERGOZ","FR","ST GENIS POUILLY",NA,"41499713000029","BERG87"
"CEGELEC MOBILITY (FR) - CEGELEC (ES)","FR","MIRIBEL",NA,NA,"GR2T77"
"CEGELEC FRANCE - CEGELEC SPAIN (MADRID) CONSORTIUM","FR","MIRIBEL",NA,NA,"GR2T77"
"CEGELEC (FR) - CEGELEC (ES)","FR","MIRIBEL",NA,NA,"GR2T77"
"MGT TECH SAS(EX:ROGER COLIN S.A.S)","FR","SAINT-CLAUDE",NA,NA,"RCS-03"
"DSPACE SARL","FR","BIEVRES CEDEX","70437986706",NA,"DSPA01"
"SAINT GOBAIN SOLCERA ***MERGED - SEE COOR05***","FR","EVREUX CEDEX",NA,NA,"DESM25"
"AVNET (AVNET - SILICA - ABACUS) - FRANCE","FR","MASSY CEDEX",NA,"55207601000362","AVNE50"
"SGCI - SOCIETE GENERALE DE CIRCUITS IMPRIMES (CIRE GROUP)","FR","BELLEGARDE",NA,"41290477300048","GROU11"
"MAT FROID","FR","OYONNAX",NA,NA,"MAT-04"
"SIGMAPHI","FR","VANNES",NA,"79018371900034","SIGM50"
"AET - APPLICATIONS ELECTRONIQUES ET TECHNIQUES","FR","JURANCON",NA,"34009525600020","AET-50"
"TAP","FR","PLAISIR",NA,"49378709700010","TAP-01"
"TOURRAINE EMBALLAGE RECYCLAGE SA","FR","LA RICHE",NA,"39163091000019","TER-02"
"RUBIS-PRECIS S.A.","FR","CHARQUEMONT","41321735656","32173565600019","RUBI65"
"OPAL-RT EUROPE (FRANCE)","FR","SCEAUX",NA,NA,"EUR225"
"FAMY","FR","CHATILLON-MICHAILLE",NA,"76420021800015","FAMY50"
"SOVICAM","FR","LA VALBONNE",NA,"41806248500010","SOVI04"
"ASSYSTEM FRANCE","FR","SAINT GENIS POUILLY",NA,"44415916400151","ASI-01"
"ASSYSTEM FRANCE - SAPHYMO GMBH (JOINT VENTURE)","FR","ST QUENTIN EN YVELINES CEDEX",NA,NA,"GR2T40"
"ASSYSTEM FACILITIES - SAPHYMO GMBH","FR","ST QUENTIN EN YVELINES CEDEX",NA,NA,"GR2T40"
"COFICIEL BUNGALOWS","FR","LA BIOLLE",NA,"40393229600045","COFI05"
"ADM 21/MOXA FRANCE","FR","COLOMBES",NA,"41773697200031","AMF-02"
"KEP FRANCE SAS","FR","AYTRE",NA,"38976209700043","KEPF01"
"ISMA","FR","FORBACH",NA,"39294542400027","ISMA01"
"PANTECHNIK S.A.","FR","BAYEUX",NA,"38355698200049","PANT30"
"IPM FRANCE SARL","FR","NICE","34 524 15227","524 152 279 00021","IPM-02"
"COPEX INTERNATIONAL","FR","PARIS",NA,"39828874600041","INT157"
"DAHER GROUPE","FR","WISSOUS CEDEX",NA,"59702084100776","DAHE03"
"VISIOM","FR","ANTHONY",NA,"41324946700015","VISI23"
"ANDRA - AGENCE NATIONALE GESTION DECHETS RADIOACTIFS","FR","MORVILLIERS",NA,"39019966900081","ANDR01"
"RIBA","FR","ROSIERES",NA,"31851725700032","BALA55"
"CANBERRA (FRANCE)","FR","ST QUENTIN YVELINES CEDEX",NA,"38444977300140","CANB02"
"NCT","FR","FERRIERES EN BRIE",NA,"57209812700036","NCT-01"
"MIRION TECHNOLOGIES (FRANCE)","FR","SAINT PAUL TROIS CHATEAUX",NA,"30337540600020","TEC333"
"SCAGLIA INDEVA","FR","ARGENTEUIL",NA,NA,"SCAG01"
"DEKRA INDUSTRIAL (FRANCE) - EQUIPEMENTS","FR","GIERES",NA,"43325083400119","NORI02"
"APC ETANCH' SARL","FR","RUMILLY","33451601355","45160135500063","APC-07"
"SIC - SOLUTIONS INTEGREES & CLOISONS","FR","MELAMARE",NA,"792197592","SIC-04"
"POISSON SA","FR","PRINGY",NA,"31968826300031","POIS01"
"ERIDAN DATA DISPLAY","FR","SAINT THIBAULT DES VIGNES",NA,"34212534100053","EDD-02"
"SNEF ELECTRIC-FLUX","FR","MARSEILLE",NA,"05680065900155","SNEF50"
"GTM CONSTRUCTION (FRANCE) (VINCI CONSTRUCTION)","FR","CRAN GEVRIER",NA,"39902217700360","GTM-01"
"THERMI FLUIDES","FR","CULOZ",NA,"44040888800012","THER35"
"**SEE ONET50**SOGEDEC - ONET TECHNOLOGIES (ONET GROUP)","FR","SAINT PAUL LEZ DURANCE",NA,NA,"SOGE10"
"ALTAIR VISION","FR","ACHERES","43789770583","78977058300027","ALTA05"
"GDF SUEZ - INEO","FR","SAINT GENIS POUILLY","18313987547","40986811400284","INEO01"
"AECI BALME FORAGE","FR","CROTTET",NA,NA,"ABF-04"
"GENHOME DESENFUMAGE","FR","GENAS",NA,NA,"GENH02"
"GENHOME DECONTAMINATION","FR","DARDILLY",NA,NA,"GENH01"
"PARVEX","FR","DIJON CEDEX","77389191602",NA,"PARV50"
"ABRI PLUS","FR","BEURE",NA,NA,"ABRI04"
"ETABLISSEMENTS A. PRAT & CO","FR","ST OUEN CEDEX",NA,NA,"PRAT50"
"ATR INGENIERIE","FR","VILLEURBANNE",NA,NA,"ATR-01"
"CIRCE INGENIERIE","FR","AIX EN PROVENCE CEDEX 3",NA,NA,"CIRC06"
"ETS ISOL APPLICATIONS","FR","BONS EN CHABLAIS",NA,"45361877900012","ISOL20"
"CIME BOCUZE","FR","SAINT PIERRE EN FAUCIGNY","80383966892","38396689200036","CIME50"
"VIDE ET TRAITEMENTS SERVICES","FR","NEUILLY EN THELLE",NA,NA,"VIDE03"
"ERT ETUDES ET REALISATIONS TECHNIQUES","FR","ST JEAN-DE-GONVILLE",NA,NA,"ERT-50"
"FRANCAISE D'INSTRUMENTATION","FR","SAINTE SAVINE","03380194019","38019401900077","FRAN50"
"FAURE HERMAN","FR","LA FERTE BERNARD",NA,"77733594400032","FAUR55"
"S.A. STERLING FLUID SYSTEMS (EXSTERLING SIHI FRANCE)","FR","TRAPPES",NA,"77570814200010","SIHI25"
"LABORATOIRE DE PHYSIQUE CORPUSCULAIRE DE CLERMONT FERRAND","FR","AUBIERE CEDEX",NA,NA,"LABO21"
"BUEHLER FRANCE","FR","DARDILLY",NA,NA,"BUEH01"
"RS ISOLEC","FR","CEPOY",NA,"73672024400028","RS--03"
"CONVERGIE SA","FR","LE BOURGET",NA,NA,"CONV50"
"GUNNEBO ENTRANCE CONTROL SARL","FR","PARIS CEDEX 13",NA,NA,"GUNN01"
"SADTEM SA","FR","DOUAI CEDEX",NA,NA,"SADT50"
"SEIBO","FR","PASSEL",NA,NA,"SEIB01"
"CEGELEC *** voir ALST88 ***","FR","ST GENIS POUILLY","83537915787","53791578700031","CEGE55"
"APVL INGENERIE","FR","SAINT CYR SUR LOIRE",NA,"42913310100049","APVL01"
"SAPHYMO-PHY","FR","SAINT-QUENTIN-EN-YVELINES","81562088930","56208893000127","SAPH75"
"DEPLOIEMENTS & TECHNOLOGIES","FR","NANTERRE",NA,NA,"DEPL02"
"MANUVIT","FR","STE GENEVIEVE DES BOIS",NA,"31865079300025","MANU83"
"FAMY/FR, COLAS/FR","FR","CHATILLON EN MICHAILLE",NA,NA,"GR2S78"
"ORTH CHARLES","FR","WASSELONNE CEDEX",NA,NA,"ORTH02"
"MDM (MASSE DIFFUSION MANUTENTION)","FR","PONTAULT COMBAULT",NA,NA,"MDM-01"
"CORJON SA","FR","VAULNAVEYS LE HAUT",NA,NA,"CORJ01"
"HYDR'AM","FR","ST-BONNET-DE-MURE",NA,"34857036700048","HYDR60"
"LOCAMION","FR","VIRIAT",NA,NA,"LOCA03"
"HADRON CONSORTIUM","FR","ST GENIS POUILLY",NA,NA,"HADR01"
"ENDEL (FR)+ BELLELI (IT)","FR","PONT EVEQUE",NA,NA,"GR2S11"
"CEGELEC/FR+ SPIE TRINDEL/FR+ FENWICK/FR + SPIE NEDERLAND/NL","FR","ST GENIS POUILLY",NA,NA,"GR4S15"
"ETS TARDY","FR","LA GRAND CROIX",NA,NA,"TARD75"
"R. GONNARD CABINET CONSEILS","FR","MANDELIEU",NA,NA,"GONN01"
"GROUPE SILICOMP","FR","PALAISEAU","72419311329",NA,"SILI05"
"BAUER FRANCE","FR","LYON",NA,NA,"BAUE04"
"BENZLERS TRANSMISSIONS","FR","CERGY PONTOISE CEDEX",NA,NA,"BENZ04"
"PRUD'HOMME TRANSMISSIONS SA","FR","AUBERVILLIERS CEDEX",NA,"32607336800028","PRUD25"
"ONECTRA","FR","PIERRELATTE CEDEX",NA,NA,"ONEC01"
"EI GROUPE L'ENTREPRISE INDUSTRIELLE","FR","VILLEURBANNE CEDEX",NA,NA,"LENT37"
"BRENNTAG RHONE-ALPES","FR","CHASSIEU",NA,NA,"BREN01"
"BF GOODRICH CEFILAC","FR","ST-ETIENNE CEDEX 1",NA,"40007299700036","GOOD04"
"SAINT-GOBAIN PERFORMANCE PLASTICS  ASTI","FR","CHARNAY LES MACON",NA,NA,"ASTI01"
"INFORLAB CHIMIE","FR","CHELLES CEDEX",NA,"35395870500025","INFO44"
"HACH LANGE FRANCE (EX POLYMETRON SA (EX ZELLWEGER ANALYTICS)","FR","NOISY LE GRAND CEDEX",NA,"48009405100061","ZELL80"
"GMR SA (GAUTHIER MAITRE ROBINETTERIE)","FR","CORBAS",NA,"32756153600175","GMR-01"
"SOLEIL DANIEL","FR","SENAS","398215756","39821575600022","SOLE07"
"APROCHIM","FR","GREZ-EN-BOUERE",NA,"34498486900026","APRO01"
"SDCEM (STE DAUPHIN.DE CONSTR.ELECTRO MECANIQUES)","FR","VIF",NA,"05750266800015","SDCE50"
"COTE S.A.S.","FR","SAINT MAURICE L'EXIL CEDEX","83703680348","70368034800058","COTE04"
"TORES COMPOSANTS TECHNOLOGIES","FR","SAUVIGNY-LES-BOIS",NA,"42886240300022","TCT-03"
"NPO EUROPE","FR","BRUZ",NA,"53055402100010","EUR298"
"AMETEK","FR","ELANCOURT",NA,NA,"AMET02"
"STERLING SIHI FRANCE","FR","TRAPPES",NA,"77570814200010","SIHI25"
"DRESSER PRODUITS INDUSTRIELS","FR","CONDE SUR NOIREAU","4870052","702052838RCSCAE","DRES02"
"SOTRELEC (SOCIETE TRAVEAUX ELECTRIQUES)","FR","VAULX EN VELIN",NA,NA,"SOTR03"
"SAMSON REGULATION SA","FR","VAULX EN VELIN CEDEX",NA,"78816560300127","SAMS50"
"ONDEO NALCO FRANCE  (EX NALCO FRANCE S.A.S.)","FR","WASQUEHAL CEDEX",NA,"41494668100023","NALC01"
"COSMI FRANCE SPRL","FR","SAINT GENIS POUILLY",NA,NA,"COSM04"
"GTD S.A.","FR","ST GENIS POUILLY",NA,NA,"GTD-01"
"G.E.I.E GEMATEC","FR","ST GENIS POUILLY",NA,NA,"GEMA02"
"SIEMENS SA","FR","SAINT DENIS CEDEX 2",NA,"56201677400688","SIEM66"
"AQUAZUR S.A. *** W=> voir INFI03 ***","FR","WASQUEHAL CEDEX",NA,NA,"AQUA02"
"ZIGLIOTTO","FR","SAINT GENIS POUILLY CEDEX",NA,NA,"ZIGL50"
"PORTIER M.T.S.I.","FR","GERGY",NA,NA,"MTSI50"
"SAFMAT INDUSTRIE SA (GROUPE RSW)","FR","MASSY CEDEX",NA,NA,"SAFM50"
"SIEMENS SAS","FR","SAINT DENIS CEDEX 2",NA,"56201677400688","SIEM66"
"NOVELEC","FR","MEYLAN",NA,"40496220100012","NOVE50"
"L'ENTREPRISE INDUSTRIELLE","FR","VILLEURBANNE CEDEX",NA,NA,"LENT37"
"CIFCA (CHAUDRONNERIE, INOX, FER, CUIVRE, ALUMINIUM)","FR","LA VALBONNE",NA,NA,"CIFC50"
"SPIE TRINDEL - CEGELEC","FR","ST GENIS POUILLY",NA,NA,"GR2S50"
"MESURIS RENNES","FR","ST GREGOIRE",NA,NA,"MESU01"
"MES (MAINTEN.EQUIPEM.SECURITE)","FR","LE PLESSIS ROBINSON",NA,NA,"MES-50"
"RENOVATION CENTER","FR","ST GENIS POUILLY",NA,NA,"RENO89"
"CABINET PAUL VERNEY ""W""","FR","DIJON",NA,NA,"VERN02"
"HERVE MADIOT","FR","DIJON",NA,NA,"MADI02"
"GROUPE PKL SARL","FR","LAGNY SUR MARNE",NA,NA,"PKL-01"
"SAVOISIENNE EQ.DE CUISINE SAVEC","FR","ANNEMASSE CEDEX",NA,"34305698200014","SAVE50"
"EFG SARL (ENTREPRISE FANTOLA GASSER)","FR","ANNEMASSE",NA,NA,"EFG-01"
"CUNY PROFESSIONNEL S.A.","FR","BOURG EN BRESSE",NA,NA,"CUNY01"
"ENTREPRISE MIGNOLA CARRELAGES","FR","CHALLES LES EAUX",NA,NA,"MIGN01"
"GUYON GRANDES CUISINES","FR","MONETEAU",NA,NA,"GUYO02"
"BURGMANN","FR","SAINT GENIS-LAVAL CEDEX","91310540547","31054054700133","BURG73"
"VR TECHNOLOGIES","FR","ANTONY",NA,NA,"VR--02"
"PC SOFT INTERNATIONAL","FR","LYON CEDEX 03",NA,NA,"PC--03"
"CEBTP CENTRE EXPERIMENT.RECHERCHE & ETUDE BAT. & TVX PUBLICS","FR","ST PRIEST",NA,NA,"CEBT01"
"SOCOMEC SA","FR","BENFELD",NA,"54850014900016","SOCO50"
"VERCO FRANCE","FR","LYON",NA,NA,"VERC01"
"EPCOS S.A.S.","FR","ST DENIS LA PLAINE",NA,NA,"ESAS01"
"FGET INTERNATIONAL","FR","GENAS CEDEX",NA,"32873256500044","FGET50"
"C2M INDUSTRIE","FR","AUCAMVILLE",NA,NA,"C2M-01"
"C.L.S.","FR","SAINT PRIEST","85377630207","37763020700027","CLS-50"
"SARL FONCINCO","FR","ANNECY",NA,NA,"FONC03"
"SETARAM","FR","CALUIRE",NA,"44295086100025","SETA75"
"C2M AUROCHS INDUSTRIE","FR","AUCAMVILLE",NA,NA,"C2M-01"
"FIVES CRYO","FR","HEYRIEUX",NA,"33496194300019","NORD85"
"GENERYS INDUSTRIE SARL","FR","CHAMPS SUR MARNE",NA,NA,"GENE09"
"MGP INSTRUMENTS","FR","LAMANON",NA,NA,"MGP-01"
"SGN RESEAU EURISYS","FR","ST QUENTIN EN YVELINES",NA,NA,"EURI02"
"C M P N","FR","ST PAUL TROIS CHATEAUX",NA,NA,"CMPN01"
"ESCOFFIER","FR","VAL DE REUIL CEDEX",NA,NA,"ESCO03"
"APAVE","FR","TASSIN LA DEMI LUNE CEDEX",NA,"51872092500040","APAV50"
"NCT NECOTRANS","FR","FERRIERES EN BRIE",NA,"57209812700036","NCT-01"
"SEPA (STE D'ETUDES DE PRODUCTION AUTOMATISEE)","FR","PETIT CAMON",NA,"31934487500012","SEPA50"
"CIP CENTRE D'INFORMATION PERSONNEL","FR","FERNEY VOLTAIRE",NA,"32757215200020","CIP-50"
"M2S SARL","FR","ARGELES SUR MER",NA,NA,"MDEU02"
"CAPITAL SAFETY GROUP EMEA (EX PROTECTA INTERNATIONAL","FR","CARROS CEDEX","74318549508","42062566700035","PROT65"
"AXE - SOUFFLOT(EX:LOUIS SOUFFLOT CONSEIL INTER)","FR","SEYNE SUR MER",NA,NA,"LSC-01"
"BOISSET  & CIE - BCSA","FR","VAULX EN VELIN",NA,NA,"BCB-01"
"MALON","FR","LA COTE SAINT ANDRE",NA,NA,"MALO02"
"SPC CONSULTANTS (EX SPC FORMATION)","FR","SAINT GENIS LAVAL","86391572567","39157256700025","SPC-06"
"ONDEO NALCO/FR  + ONDEO NALCO/NL","FR","WASQUEHAL CEDEX",NA,NA,"GR2T47"
"BERNIER ELECTRONIK","FR","CORBREUSE",NA,"47787289900018","ELE156"
"MC LEVAGE","FR","SAINT BONNET DE MURE",NA,NA,"MC--08"
"CETIAT - CNTR TECHNIQUE INDUSTRIES AERAULIQUES ET THERMIQUES","FR","VILLEURBANNE CEDEX",NA,"77568696700024","CETI01"
"ASSYSTEM FACILITIES","FR","SAINT GENIS POUILLY",NA,"44415916400151","ASI-01"
"LES MEDECINS DU BETON","FR","CONS-SAINTE-COLOMBE",NA,"44049930900027","MDB-01"
"ACTEMIUM","FR","RILLIEUX-LA-PAPE",NA,NA,"ACTE04"
"SIEMENS (FRANCE)","FR","SAINT DENIS CEDEX 2",NA,"56201677400688","SIEM66"
"TES - TRAVAUX ETANCHEITE SERVICE","FR","CHAMBERY",NA,NA,"TTE-01"
"DAFFOS & BAUDASSE","FR","VILLEURBANNE",NA,"95850955600014","DAFF01"
"DAEXAL","FR","ROUBAIX",NA,"50396737400011","DAEX01"
"POISSON S.A.","FR","PRINGY",NA,"31968826300031","POIS01"
"INDUSTRIAL SCIENTIFIC OLDHAM (OLDHAM FRANCE SA )","FR","ARRAS CEDEX",NA,"43395337900024","OLDH50"
"WATSON-MARLOW PUMPS SA","FR","GAMBAIS",NA,NA,"WMP-01"
"ALEXANDER J. GREENLAND","FR","BOURTH",NA,NA,"GREE13"
"GE SENSING FRANCE","FR","LABEGE CEDEX",NA,NA,"GE--04"
"BRONKHORST FRANCE SAS (EX INSTRUTEC SA)","FR","MONTIGNY LES CORMEILLES",NA,"35271482800014","INS-03"
"A7  PROTECTION","FR","RIS ORANGIS",NA,"40799187600035","A---01"
"CORIMA MODELAGE SA","FR","LORIOL",NA,NA,"CORI03"
"NETZSCH GERATEBAU","FR","CHARBONNIERES LES BAINS.",NA,"39208861300063","NETZ06"
"CABINET PLASSERAUD","FR","PARIS CEDEX 09","25784404246","78440424600042","PLAS15"
"CNRS - DELEGATION PARIS MICHEL-ANGE / DR16","FR","PARIS CEDEX 16","40180089013",NA,"CNRS03"
"APERAM (FRANCE)","FR","MONTARGIS",NA,"61201326800026","APER01"
"UNIVERSITE DE TECHNOLOGIE DE TROYES","FR","TROYES CEDEX",NA,NA,"UNI121"
"PMS PRO METAUX SERVICES","FR","TOUSSIEU",NA,"51227050500021","PMS-07"
"PREZIOSO LINJEBYGG","FR","SAINT GENIS POUILLY","53573680162","57368016200340","PREZ50"
"DALKIA (FRANCE)","FR","LYON","42456500537","45650053700018","DALK01"
"ACTEMIUM NDT P&S","FR","SAINT GENIS POUILLY","83537915787","53791578700122","CEGE55"
"CONSORTIUM REEL SAS + ALTEAD SAS","FR","SAINT CYR AU MONT D OR","12962501318",NA,"GR2T65"
"ATOS RACKS FRANCE","FR","GLOS","B350827788","350827788","ATOS50"
"ALGECO","FR","MEYZIEU CEDEX","80685550659",NA,"ALGE75"
"RAM POWER SRL","FR","SAINT GENIS POUILLY",NA,NA,"RAM-05"
"MIDISCIENCES","FR","FUVEAU",NA,NA,"MIDI04"
"CERAP (FR) + CERAP SWITZERLAND","FR","CHERBOURG EN COTENTIN","60344237011","344237011","GR2U13"
"MICRO CONTROLE SPECTRA-PHYSICS (NEWPORT CORP.)","FR","EVRY","15382697399","38269739900071","MICR25"
"HTI ELEC","FR","CHANAS","11808017792","80801779200025","ELE517"
"ASSYSTEM (FRANCE)","FR","LYON CEDEX 07","47444159164","444159164","ASI-01"
"ARCEL","FR","CHAMPAGNE AU MONT D'OR","03972505895","97250589500045","ARCE50"
"MULTIBAC","FR","TOULOUSE","17492731807","49273180700011","MULT47"
NA,"FR","SAINT ETIENNE",NA,NA,"UNI445"
"APC ETANCH'","FR","RUMILLY","33451601355","45160135500063","APC-07"
"NOVAPACK TECHNOLOGIES","FR","LYON","68827988171",NA,"NOVA40"
"CEA SACLAY DRF/IRFU","FR","GIF SUR YVETTE",NA,NA,"CEA-01"
"DALKIA","FR","LYON","42456500537","45650053700018","DALK01"
"CERAP FRANCE / CERAP SWITZERLAND","FR","CHERBOURG EN COTENTIN","60344237011","344237011","GR2U13"
"AIP","FR","CHASSIEU","52325090728","32509072800024","AIP-01"
"PREZIOSO (PREZIOSO TECHNILOR)(FRANCE)","FR","SAINT GENIS POUILLY","53573680162","57368016200340","PREZ50"
"DATE","FR","LA MOTTE D'AVEILLANS","52314721234","31472123400016","DATE10"
"BODYCOTE (FRANCE)","FR","Villaz","266967804","69678042800392","ABMT50"
"ABB FRANCE - ABB ASEA BROWN BOVERI LTD COMPANY","FR","NORDHOUSE","95335146312","335146312","ABB-01"
"GE WATER & PROCESS TECHNOLOGIES","FR","PARIS LA DEFENSE","07388131013","38813101300087","GWPT02"
"FARNELL SAS","FR","LIMONEST","33388245029","B388245029","FARN45"
"RS COMPONENTS","FR","BEAUVAIS","68334534039","33453403900030","RADI91"
"EXOLIGENT EX HLP TECHNOLOGIES","FR","COLOMBES","73803406271","80340627100012","HLP-01"
"FROID-SEICAR","FR","ANNECY","53300794427","30079442700017","SEIC75"
"E2S INNOVATION","FR","PARIS","23791925787","79192578700016","ESI-04"
"ALSTOM POWER SERVICE","FR","BELFORT","54424210599","42421059900025","ALST08"
"EGTIM INDUSTRIE / SERVITECH AS","FR","PULVERSHEIM","96448881011","44888101100051","GR2U24"
"TECNOLOGIE INDUSTRIALI E AMBIENTALI","FR","PARIS","83501614119",NA,"TECN68"
"AIR LIQUIDE CRYOGENIC SERVICES","FR","SASSENAGE","53425040078",NA,"LAIR50"
"FARGAMEL","FR","PESSAC","73473204691","47320469100033","FARG35"
"ALSTOM - POWER (FRANCE)","FR","BELFORT","54424210599","42421059900025","ALST08"
"RS - RADIOSPARES (FRANCE)","FR","BEAUVAIS","68334534039","33453403900030","RADI91"
"CRYO DIFFUSION","FR","LERY","82334225034","33422503400019","CRYO25"
"ALXION","FR","COLOMBES CEDEX","36341981462","341981462","ALXI01"
"SCHNEIDER ELECTRIC  (FRANCE)","FR","RUEIL MALMAISON","93421706109","42110670900668","SCHN06"
"DELTA ARCHITECTES (FRANCE)","FR","USINENS","073530084770","35300847700039","DELT35"
"KAENA S.A.S","FR","SAINT-VINCENT-DE-MERCUZE",NA,"51027747800010","KAEN01"
"APAVE SUD EUROPE","FR","MARSEILLE CEDEX 16","32518720925","51872092500032","APAV50"
"ZOLLER","FR","LINGOLSHEIM","68382927630",NA,"ZOLL08"
"ATOS","FR","GLOS","B350827788","350827788","ATOS50"
"HYDRETUDES","FR","ARGONAY","07379926462","37992646200092","HYDR45"
"TCT TORES COMPOSANTS TECHNOLOGIES","FR","SAUVIGNY LES BOIS","76428862403","42886240300022","TCT-03"
"ELETTA INSTRUMENTATION SAS","FR","CUSSET","56514786904","51478690400029","INS200"
"SISO SA","FR","VAULX EN VELIN","45410490528","41049052800024","SISO50"
"GPK PRODUCTS","FR","RONCQ","47351005020","35100502000091","GPK-01"
"STIC EQUIPEMENTS D'ATELIERS","FR","OULLINS","76487647679","48764767900017","SED-03"
"VINCI CONSTRUCTION (FRANCE)","FR","LYON CEDEX 08",NA,NA,"VCF-03"
"SEF - SOCIETE ETUDE & FABRICATION","FR","LABEGE","38322926718","32292671800014","SEF-50"
"UNIVERSITE DE MONTPELLIER","FR","MONTPELLIER",NA,NA,"POLY36"
"SCHNEIDER ELECTRIC FRANCE","FR","RUEIL MALMAISON","93421706109","42110670900668","SCHN06"
"VELAN SAS","FR","LYON CEDEX 7","84350811097","35081109700020","VELA02"
"FOREZ DECORS","FR","CHAMPDIEU","20411974264","41197426400078","FOR-75"
"CERAQUEST","FR","LES CLAYES SOUS BOIS","80751346826","75134682600025","CERA14"
"ECRIN (FRANCE) - GROUPE IP SYSTEMES","FR","CROLLES",NA,"32984418700107","ECRI50"
"BUREAU VERITAS CONSTRUCTION","FR","PRINGY CEDEX","9679018278","79018278600877","VERI50"
"SEF","FR","LABEGE","38322926718","32292671800014","SEF-50"
"WITZENMANN FRANCE SARL","FR","THORIGNY SUR MARNE","38322815556","32281555600079","TECN25"
"SCHROFF SAS","FR","BETSCHDORF","46316854553","RCS79B519","SCHR87"
"ELETTA INSTRUMENTATION","FR","CUSSET","56514786904","51478690400029","INS200"
"PERARD SERVICES","FR","PERON","480212554","48021255400012","PERA04"
"COMPAGNIE GENERALE DES PLASTIQUES","FR","SAINT CHAMOND","11410386759","41038675900022","PLAS19"
"COPEX INTERNATIONAL","FR","LANESTER CEDEX","74398288746","39828874600025","INT157"
"SIGMAPHI","FR","VANNES","93321318735","32131873500032","SIGM50"
"TOULOUSE TECH TRANSFER","FR","TOULOUSE CEDEX 4",NA,"53971542500028","TEC700"
"MIRION TECHNOLOGIES (CANBERRA) SAS","FR","MONTIGNY LE BRETONNEUX","28384449773","384449773","TEC333"
"FARNELL","FR","LIMONEST","33388245029","B388245029","FARN45"
"ETABLISSEMENTS NABAFFA","FR","SAINT JEAN DE GONVILLE",NA,NA,"NABA50"
"MANUFACTURE DE FORAGE","FR","L'HORME",NA,"67450019400024","FORA50"
"SO GOOD TRAITEUR","FR","DIVONNE LES BAINS","4553947792","53947792700021","SGT-03"
"TRACTEBEL ENGINEERING","FR","GENNEVILLIERS","82309103877","30910387700051","TRAC14"
"SEMIKRON","FR","SARTROUVILLE CEDEX","19785408097","78540809700026","SEMI60"
"OLDHAM SIMTRONICS","FR","ARRAS","33478482383","478482383","OLDH50"
"DEKRA INDUSTRIAL","FR","CHAVANOD","44433250834","433250834","DEKR03"
"REEL SAS / ALTEAD SUISSE SA","FR","SAINT CYR AU MONT D OR","12962501318",NA,"GR2T65"
"SETEC + CSD INGENIEURS CONSEILS (SWITZERLAND)+ ROCKSOIL SRL","FR","PARIS CEDEX 12",NA,NA,"GR2U06"
"GE MEASUREMENT et CONTROL SAS","FR","LIMONEST","2845040278","450402789RCS","TEC112"
"PENTAIR TECHNICAL SOLUTIONS SAS","FR","BETSCHDORF","46316854553","RCS79B519","SCHR87"
"GE ENERGY POWER CONVERSION","FR","BELFORT",NA,"48121369200082","CONV05"
"SOCOTEC","FR","SAINT QUENTIN EN YVELINES","65834096745",NA,"SOCO07"
"VIAVI SOLUTIONS FRANCE SAS","FR","SAINT ETIENNE",NA,NA,"VIAV01"
"GTS MATERIAUX FLEXIBLES SARL","FR","VILLEBON SUR YVETTE","01324906023","32490602300027","GTS-50"
"SUEZ WTS FRANCE","FR","PARIS LA DEFENSE","07388131013","38813101300087","GWPT02"
"SEMER SAS","FR","PASSY","33315829291","315829291","SEME02"
"LUQUOT INDUSTRIE","FR","Morez","96646050195","64605019500031","LUQU01"
"AXON CABLE SAS","FR","MONTMIRAIL","37325685139","32568513900017","AXON50"
"THALES (FRANCE)","FR","MERIGNAC","65612039495","34072362600065","THAL02"
"EUROPEAN SYNCHROTRON RADIATION FACILITY (ESRF)","FR","GRENOBLE CEDEX 9",NA,"33872391900019","ESRF01"
"FAMY","FR","VALSERHONE","40764200218","76420021800015","FAMY50"
"CERCLIM","FR","PRINGY","01449697978","44969797800020","CERC01"
"AIR LIQUIDE (FRANCE)","FR","SASSENAGE","53425040078",NA,"LAIR50"
"PULSCAN","FR","GRADIGNAN","40507785665","50778566500021","PULS06"
"ETANDEX","FR","DECINES CHARPIEU","54306896374","30689637400320","ETAN50"
"PHM CONSULTANT","FR","ROGNES",NA,NA,"PHM-01"
"GALLICE FRANCE (CG HOLDING)","FR","COMPIEGNE",NA,NA,"INT472"
"DALKIA FRANCE","FR","LYON","42456500537","45650053700018","DALK01"
"GAVARD & CIE S.A.","FR","ARROU",NA,NA,"GAVA02"
"EXEQUATUR","FR","NANTES",NA,NA,"EXEQ01"
"DESCOURS & CABAUD  - PROLIANS","FR","BELLEGARDE SUR VALSERINE","95775595085","77559508500116","DESC50"
"CARL ZEISS SAS","FR","MARLY LE ROI","25719801664","71980166400173","CZS-01"
"ARIANEGROUP","FR","Les Mureaux 6 CEDEX","82519032247","519032247","SAFR03"
"CNIM CONSTRUCTIONS INDUSTRIELLES","FR","PARIS","22662043595","66204359500146","CNIM50"
"APX SARL","FR","SARRIANS","16388423568","38842356800020","APX-03"
"Avnet EMG France","FR","VENISSIEUX","87552076010",NA,"AVNE50"
"THALES SIXT GTS FRANCE SAS","FR","GENNEVILLIERS",NA,NA,"THAL09"
"FLOHE FOUILLERET SAS","FR","SAINT-LOUP-DE-NAUD","14824578991","824578991","FFS-07"
"CEGELEC ENERGIE CENTRE EST","FR","SAINT GENIS POUILLY","83537915787","53791578700122","CEGE55"
"TORNS SOFILEC SASU","FR","VAUX EN BUGEY","80828890178","828 890 178","SOFI07"
"WALTHER","FR","LISSES",NA,NA,"WALT09"
"INGERSOLL FRANCE","FR","CHAMPS SUR MARNE",NA,NA,"INGE38"
"GAZTRANSPORT","FR","SAINT REMY LES CHEVREUSE",NA,"66200140300077","GAZT01"
"PEZET S.A.S.","FR","SALLANCHES",NA,"304 452 725","S---07"
"BODYCOTE VILLAZ","FR","Villaz","266967804","69678042800392","ABMT50"
"DEKRA INDUSTRIAL (FRANCE) - INSPECTION","FR","CHAVANOD","44433250834","433250834","DEKR03"
"VUILLERMOZ ECHAFAUDAGE","FR","ST FONS","01501699581",NA,"VUIL03"
"ATELIERS DE LA NAVE","FR","BETHUNE","52398469288","39846928800011","ATEL15"
"CEGELEC ENERGIE CENTRE-EST (ACTEMIUM)","FR","SAINT GENIS POUILLY","83537915787","53791578700122","CEGE55"
"GDF SUEZ - INEO","FR","SAINT GENIS POUILLY","69409899127","40989912700263","INEO01"
"BRONKHORST FRANCE","FR","Montigny les LCormeilles","14352714828","35271482800014","INS-03"
"CYCLIFE FRANCE","FR","CODOLET","86380303107","RCS380303107","SOCO09"
"PHILIPPE ET ALBERT REYGROBELLET","FR","SAINT-GENIS-POUILLY",NA,NA,"PAR-01"
"AVNET EMG FRANCE","FR","VENISSIEUX","87552076010",NA,"AVNE50"
"VINCI CONSTRUCTION FRANCE TP LYON","FR","BRON CEDEX",NA,NA,"GTM-05"
"SOFREN","FR","SAINT-CLOUD",NA,NA,"SOFR10"
"INTITEK FOR INDUSTRY","FR","VILLEURBANNE",NA,"50015693000025","ACRO50"
"PULSE MC2","FR","EVRY CEDEX","83410478739","41047873900031","PULS01"
"VELAN S.A.S","FR","LYON CEDEX 7","84350811097","35081109700020","VELA02"
"RTE","FR","LA DEFENSE CEDEX",NA,NA,"RTE-02"
"ASSYSTEM ENGINEERING OPERATION SERVICE","FR","LYON CEDEX 07","47444159164","444159164","ASI-01"
"ABB FRANCE","FR","NORDHOUSE","95335146312","335146312","ABB-01"
"DELTA ARCHITECTES","FR","USINENS","073530084770","35300847700039","DELT35"
"MICRO CONTROLE SPECTRA PHYSICS","FR","EVRY","15382697399","38269739900071","MICR25"
"LAMY RHEOLOGY INSTRUMENTS","FR","CHAMPAGNE AU MONT D'OR","23349297424","349297424","INS432"
"SMAC","FR","ISSY-LES-MOULINEAUX","61682040837","682040837000283","SMAC50"
"ALTEC ETIRAGE","FR","FONTAINE","78848460283","78848460283","ALTE28"
"ISMA","FR","FORBACH","37392945424",NA,"ISMA01"
"MDC VACUUM (CABURN MDC EUROPE) (FRANCE)","FR","LYON","12394624712","39462471200029","CABU54"
"SILICA","FR","VENISSIEUX","87552076010",NA,"AVNE50"
"AERAULIQUE CONSTRUCTION SA","FR","CHEVIGNY SAINT SAUVEUR","95304012222","30401222200010","AERA01"
"REXEL (FRANCE)","FR","SAINT GENIS POUILLY","26309304","309304616","ISNA50"
"SPI ENERGIE","FR","BELLIGNAT","35408650273","40865027300050","SPI-02"
"CCI EUROLAM","FR","ANTONY CEDEX","28321692907","32169290700025","CCI-01"
"PLANSEE SE","FR","SAINT PIERRE EN FAUCIGNY","80383966892","38396689200036","CIME50"
"EDWARDS (FRANCE)","FR","HERBLAY",NA,"37882177100128","EDWA01"
"ATESYS","FR","HAGUENAU","07379701519","37970151900025","ATES01"
"HUTCHINSON","FR","CHEMILLE",NA,"06420002500019","JEHI50"
"RENZO PIANO BUILDING WORKSHOP / BR ARCHITECTES ASSOCIES","FR","PARIS",NA,NA,"GR2U23"
"ASSYSTEM ENGINEERING OPERATION SERVICE / BERTIN TECHNOLOGIES","FR","SAINT PRIEST","47444159","444159164","GR2U08"
"JYFEL CORPORATION SARL","FR","LIMONEST","77493917264","49391726400035","JYFE01"
"INGEROP CONSEILS ET INGENIERIE","FR","VIENNE","45489626135","48962613800268","INGE04"
"NACELEXPERT","FR","ABZAC","40488574039","48857403900043","NACE02"
"ALTROS","FR","GRENOBLE","88442156063","44215606300046","ALTR07"
"FPZ FRANCE","FR","SAINT PRIEST","12418258471","41825847100030","FPZ-01"
"TISSTECH SARL","FR","BOURG ARGENTAL","95450903687","45090368700017","TISS05"
"OPTOSIGMA EUROPE SAS","FR","LES ULIS","04799020490","79902049000014","EUR326"
"MESCAN","FR","Les Mureaux","3145223104","45223104600015","MESC01"
"SETIS + SINTEGRA + MAP GEOMATIQUE SA","FR","GRENOBLE","19067501494","06750149400016","GR2U12"
"GROUPE PELLETIER+AER ARCHITECTES+BETREC","FR","MOUXY",NA,NA,"GR3S83"
"ARMINES","FR","EVRY CEDEX",NA,"30168887500014","ARMI02"
"SERV TRAYVOU INTERVERROUIL.(STI)","FR","MONTREUIL",NA,"39143896700021","STI-45"
"TESTOON","FR","CHATILLON",NA,"491 847 711","TEST17"
"FPT / 2H ENERGY","FR","SAINT PRIEST",NA,"35392644700189","FHE-01"
"PONCET R SA","FR","SILLINGY",NA,"32702104400026","PONC03"
"OUVAROFF","FR","SALAISE SUR SANNE","85633680525","63368052500019","OUVA01"
"ENTREPRISE BIANCO ET CIE","FR","UGINE","41075820092","07582009200031","BIA-75"
"MIRION TECHNOLOGIES (MGPI) SAS","FR","LAMANON","62303375406","30337540600020","TEC811"
"ENTREPRISE BIANCO ET CIE / FRANKI FONDATION","FR","UGINE","41075820092","07582009200031","GR2U28"
"BERILIA","FR","CHEMILLE EN ANJOU","15885360420","88536042000016","BERI02"
"CIBEL","FR","BELLEME",NA,"75041702400015","CIBE01"
"PREMIUM ANALYSE","FR","NORROY LE VENEUR","56414979336","41497933600024","PREM11"
"AMPERE","FR","BREGNIER CORDON","35378358725","B378358725","SOFI09"
"ECODIS","FR","CHAPONNAY",NA,NA,"ECOD01"
"ACAL BFI FRANCE","FR","EVRY","75392078192","39207819200011","ABF-02"
"UNIVERSITE CLAUDE BERNARD","FR","VILLEURBANNE CEDEX",NA,NA,"UNIV59"
"CEGELEC ENERGIE CENTRE EST / CEGELEC SA","FR","ST GENIS POUILLY",NA,NA,"GR2T85"
"KW INDUSTRIE","FR","VARACIEUX","71417648490","41764849000023","KW--01"
"CARL ZEISS SMT","FR","MARLY-LE-ROI","402277404000","71980166400165","LEO-01"
"CGP","FR","SAINT CHAMOND","11410386759","41038675900022","PLAS19"
"DB VIB CONSULTING","FR","VIENNE","62384854436","38485443600019","DVC-01"
"DEFI SYSTEMES","FR","NIMES",NA,NA,"DEFI05"
"DEF","FR","SAINT PRIEST","84712056266","71205626600745","DEF-50"
"KARL STORZ ENDOSCOPIE FRANCE SAS","FR","GUYANCOURT",NA,NA,"KSE-03"
"MEDIACO SAVOIES","FR","SAINT FELIX",NA,NA,"MEDI64"
"THERMOCOMPACT","FR","METZ-TESSY",NA,"40303803700012","THER27"
"AMC ETEC SARL","FR","CANNES LA BOCCA","73431731371","43173137100024","AMC-07"
"SOURIAU","FR","VERSAILLES","85421320268","42132026800087","SOUR50"
"KINETIC SYSTEMS","FR","MORNANT",NA,"40304244300016","KINE06"
"TRACTEBEL","FR","GENNEVILLIERS","82309103877","30910387700051","TRAC14"
"TRANE FRANCE SAS","FR","DARDILLY","93803519800","FR93803519800","TRAN48"
"LES AUTOMATISMES APPLIQUES","FR","MEYREUIL","29323180661","323180661","AUTO14"
"CPMS","FR","PLAISIR","89537856619","53785661900037","SCP-05"
"JACQUET AUTOCARS","FR","MARNAZ","08997675004","99767500400029","JACQ11"
"MICROPLAN","FR","LA FORET DU TEMPLE",NA,"34794775600032","MIC-17"
"WITZENMANN FRANCE SARL (EX TECNIFLEX - WITZENMANN)","FR","THORIGNY SUR MARNE","38322815556","32281555600079","TECN25"
"ALDES AERAULIQUE","FR","VENISSIEUX",NA,"95650682800352","ALDE50"
"ACIERS DU LEMAN","FR","PERON",NA,NA,"ADL-05"
"THALES AVS FRANCE SAS","FR","MERIGNAC","65612039495","34072362600065","THAL02"
"EQUIPEMENTS SCIENTIFIQUES","FR","GARCHES","70353579634","35357963400018","EQUI62"
"A.S. CO ELECTRONIQUE","FR","COLOMBELLES","38343237160","34323716000076","CO--01"
"SOMINEX","FR","BAYEUX CEDEX","05380212191","38021219100015","SOMI02"
"AW","FR","CIVRIEUX EN DOMBES",NA,"478679459","AW--02"
"ESPACE SAINT-MARTIN","FR","PARIS",NA,NA,"ESM-04"
"REFLEX CES","FR","EVRY CEDEX","50433090883","433 090 883","REFL05"
"INEO RHONE ALPES AUVERGNE","FR","SAINT GENIS POUILLY","69409899127","40989912700263","INEO01"
"SETIS / SINTEGRA SAS / MAP GEOMATIQUE","FR","GRENOBLE","19067501494","06750149400016","GR2U12"
"ELVIA PCB","FR","COUTANCES","54389502253","38920525300021","EPC-06"
"INTITEK","FR","VILLEURBANNE",NA,"50015693000025","ACRO50"
"BOSTIK SA","FR","LA PLAINE SAINT-DENIS CEDEX",NA,NA,"BOST02"
"SERVISOUD","FR","CHOLET",NA,NA,"SERV39"
"DEVILLE RECTIFICATION","FR","PONT-SALOMON",NA,"34953720900026","DEVI05"
"DANTEC DYNAMICS S.A.S.","FR","NOZAY","4438788548","387 885 486","DANT04"
"SDMS TECHNOLOGIES - SNLS","FR","SAINT-ROMANS",NA,"50874814200025","SDMS50"
"NORCAN","FR","HAGUENAU CEDEX","53479685513","47968551300018","NORC45"
"VISIO ASSAINISSEMENT SAS","FR","GEX",NA,NA,"VISI30"
"IXBLUE","FR","SAINT GERMAIN EN LAYE","09433185121","43318512100061","IXBL01"
"OUEST BEDDING SAS","FR","FOUGERES","30820238020","820238020","OBS-04"
"CLUB ELECTRONICS","FR","MEUDON","11422736702","42273670200065","ELE176"
"PAPETERIE DES BALMETTES - PLEIN CIEL ANNECY","FR","SEYNOD","23330567694","330567694","PDB-01"
"EQUATERRE","FR","MEYTHET","1240102118",NA,"EQUA03"
"E-T-A APPAREILS ELECTRO-TECHNIQUES SARL","FR","BONNEUIL SUR MARNE","66384063467","66384063467","ELE241"
"ISMA SOCIETE NOUVELLE","FR","FORBACH","37392945424",NA,"ISMA01"
"CNPP ENTREPRISE","FR","SAINT MARCEL",NA,"34290125300050","CNPP50"
"EZUS LYON","FR","VILLEURBANNE","69378266845","378266845","EZUS01"
"EURODIFROID","FR","SEICHES SUR LE LOIR","92349407833","34940783300046","EUR-46"
"NOVAPACK TECHNOLOGIES SARL","FR","LYON","68827988171",NA,"NOVA40"
"LAPP MULLER","FR","GRIMAUD","66448464677","448464677","MULL12"
"ABS ALTO","FR","38100","42327086435","32708643500200","ABS-01"
"BMAX","FR","TOULOUSE CEDEX 1",NA,"53945083300014","BMAX01"
"HYDROSYSTEM","FR","PORTES LES VALENCE","74348007","34800714700021","HYDR48"
"LOCA RECEPTION","FR","ANNECY","89493440416","49344041600102","LOCA12"
"MECAMERCIER SASU","FR","ROANNE","67825362510","82536251000018","MECA98"
"STIC SAS","FR","OULLINS","76487647679","48764767900017","SED-03"
"BERILIA LASER","FR","CHEMILLE EN ANJOU","15885360420","88536042000016","BERI02"
"CEREMA","FR","LYON CEDEX 03","9413001831","101900009","CERE03"
"ISOLATION DU CENTRE","FR","GIVRY","28799740238","79974023800016","IDC-03"
"FORGITAL FMDL SAS","FR","LE CHAMBON FEUGEROLLES","37584504419","584504419","FORG02"
"CHAPE FLUIDE ANHYDRITE CFA","FR","LA RAVOIRE",NA,NA,"CFA-04"
"FRANCE LINEAIRE INDUSTRIE (FLI)","FR","JANNEYRIAS",NA,"42407515800024","FLI-01"
"CIMELEC","FR","NAVES PARMELAN","80394083992","39408399200013","CIME01"
"NANOXPLORE SAS","FR","BIEVRES","528057334","528057334","NANO14"
"OXFORD INSTRUMENTS (FRANCE)","FR","GOMETZ LA VILLE","4631363075","313630758","OXFO79"
"SETEC","FR","PARIS CEDEX 12",NA,NA,"SETE04"
"GLOPHOTONICS SAS","FR","LIMOGES","65533575031","533575031","GLOP01"
"OLDHAM (FRANCE)","FR","ARRAS","33478482383","478482383","OLDH50"
"TORES COMPOSANTS TECHNOLOGIES","FR","SAUVIGNY LES BOIS","76428862403","42886240300022","TCT-03"
"NICOLAS ELECTRO BOBINAGE","FR","MARNAZ",NA,"49765928400010","ELE420"
"TECH POWER ELECTRONICS","FR","COURLAOUX","47353587645","35358764500055","TEC637"
"SARL KRAFFTER","FR","SAINT BERON","17819707167",NA,"KRAF06"
"MIND EX C4I CENTRE CIRCUITS INTEGRES","FR","ARCHAMPS",NA,NA,"CQUA01"
"PLUCEO","FR","POISY","51532548443",NA,"PLUC01"
"TISSTECH SAS","FR","BOURG ARGENTAL","95450903687","45090368700017","TISS05"
"UMP SAS","FR","MARNAZ","35607120615","60712061500028","UMP-01"
"SERMES","FR","STRASBOURG CEDEX",NA,"58850112200042","SERM55"
"DAMAC - DIFFUSION ADAPTATION MATERIEL AUTOMATISME & CONTROLE","FR","SAINT MARTIN D'HERES","03300848116","30084811600020","SOCI05"
"ATESYS MONTOUX","FR","HAGUENAU","07379701519","37970151900025","ATES01"
"LST S.A.S.","FR","SAINT HELENE DU LAC",NA,NA,"LST-01"
"GVC ENTREPRISES","FR","NOTRE DAME DES MILLIERES","58401472022","40147202200029","GVC-02"
"IWAKI (FRANCE)","FR","MARCOUSSIS CEDEX",NA,"38993529700033","IWAK02"
"ALGECO SAS","FR","MEYZIEU CEDEX","80685550659",NA,"ALGE75"
"NEODITECH","FR","LE PALLET",NA,NA,"NEOD03"
"CETIM - CENTRE TECHNIQUE DES INDUSTRIES MECANIQUES","FR","FRANCE","91314257684","31425768400048","CETI50"
"SOLYRO","FR","DECINES","23/314136185","31413618500035RCS","SOLY50"
"DALKIA CENTRE-EST","FR","VAULX-EN-VELIN",NA,NA,"DCE-01"
"POSITICS","FR","SAINT GERMAIN EN LAYE","53792990954",NA,"POSI74"
"SADTEM","FR","DOUAI","11045750858","04575085800073","SADT50"
"SDCEM","FR","VIF","15057502668","05750266800015","SDCE50"
"GPK SERVICES","FR","RONCQ","47351005020","35100502000091","GPK-01"
"DICONEX","FR","ANDILLY","35320303449","32030344900039","DICO01"
"GOJON TRAVAUX PUBLICS","FR","MUSIEGES",NA,NA,"GOJO01"
"GAMI CRYO & MECA","FR","CHAPONNAY",NA,NA,"GCM-03"
"BATEAUX PARISIENS","FR","PARIS",NA,NA,"SVB-01"
"AVX (FRANCE) - AVX CORPORATION","FR","ORSAY","22420528242","GB1235639","ASAS01"
"S2M MANUTENTION SAS","FR","DAGNEUX","80824706956","824 706 956","SMMS01"
"CTMS","FR","VERSAILLES","63669804999","66980499900086","CTMS01"
"SAS ORECA","FR","NICE","70814499869","81449986900026","SAS-14"
"EDP SCIENCES","FR","LES ULLIS CEDEX 2",NA,"30839268700049","EDP-01"
"DU & MA","FR","PARIS",NA,NA,"DU74"
"FEU FOLLET","FR","ECHIROLLES","27421126863","42112686300040","FEU-03"
"RADIALL GIE","FR","AUBERVILLIERS (PARIS)",NA,NA,"RADI62"
"HIREX ENGINEERING SAS","FR","RAMONVILLE","58389715525","38971552500041","HIRE01"
"CENTRE NATIONAL D'ETUDES SPATIALES (CNES)","FR","PARIS CEDEX 01","49775665912",NA,"CND-01"
"AVX LTD","FR","ORSAY","22420528242","GB1235639","ASAS01"
"FAMY SAS","FR","VALSERHONE","40764200218","76420021800015","FAMY50"
"ALGADE","FR","BESSINES SUR GARTEMPE","84389321746","38932174600015","ALGA02"
"CEIHP","FR","ANNEMASSE","85441232816",NA,"CEIH01"
"MARPHIL INTERNATIONAL","FR","PARIS","17331224576","33122457600032","INT192"
"APAVE (FRANCE)","FR","MARSEILLE CEDEX 16","32518720925","51872092500032","APAV50"
"SERV'INSTRUMENTATION","FR","IRIGNY","73338504962","33850496200030","SERV05"
"CHANEL SAS","FR","VENISSIEUX",NA,NA,"CHAN92"
"ONET TECHNOLOGIES ND + ONET TECHNOLOGIES TI","FR","MARSEILLE",NA,NA,"GR2U20"
"DEPRAG","FR","VERTOU",NA,NA,"DEPR01"
"SARL RHONE ALPES LABO","FR","VOREPPE","479595811","47959581100031","RAL-03"
"SOCCO ENTREPRISE","FR","CHAVANOD",NA,NA,"SOCC90"
"ALG EMBALLAGE","FR","BON ENCONTRE","67450798756","45079875600018","ALG-01"
"STENGERPRO SARL","FR","URIMENIL","15395176837",NA,"STEN02"
"FR ETANCH / TIA / FR ALPES / FR 2MRA / FR CHANEL / FR EDA","FR","RUMILLY",NA,NA,"GR6S02"
"PRO METAUX SERVICES","FR","TOUSSIEU","78512270505","51220750500021","PMS-07"
"PARTENAIR","FR","ST CYR L'ECOLE","42312668064",NA,"PART21"
"SAINT GOBAIN GLASSOLUTIONS (FRANCE)","FR","LA FERTE SOUS JOUARRE",NA,"43260412200023","SGS-09"
"MONTESSUIT & FILS SA","FR","GAILLARD","69796380301","79638030100021","MONT93"
"HUTCHINSON SNC","FR","JOUE-LES-TOURS CEDEX",NA,NA,"HUTC01"
"NALCO FRANCE","FR","WASQUEHAL CEDEX",NA,"41494668100023","NALC01"
"EURISO-TOP","FR","ST AUBIN CEDEX",NA,"38047905500010","EURI01"
"DATRON FRANCE SAS","FR","PRINGY",NA,NA,"DFS-01"
"RDS","FR","LES MARCHES","94338655319","33865531900048","RDS-50"
"ACQUITEK","FR","MASSY",NA,"45229033100027","ACQU03"
"MIRION TECHNOLOGIES (CANBERRA)","FR","MONTIGNY LE BRETONNEUX","28384449773","384449773","TEC333"
"NUVIA PROCESS + NUVIA SUPPORT","FR","PIERRELATTE",NA,NA,"GR2U21"
"CAZENEUVE EXPORT","FR","LA PLAINE ST DENIS CEDEX",NA,NA,"CAZE75"
"SOTEB NATIONAL ELEKTRO","FR","SAINT GENIS POUILLY","10337505259","337505259","SOTE20"
"SEREMA","FR","MACHECOUL","43350405494","35040549400021","SERE07"
"ACMP CONVOYEUR SARL","FR","VIREUX-MOLHAIN",NA,NA,"ACMP02"
"SERMA MICROELECTRONICS","FR","PERIGNY CEDEX",NA,"38137010500011","HCM-50"
"NPO EUROPE","FR","SAINT JACQUES DE LA LANDE",NA,"53055402100010","EUR298"
"SECTOR TECHNOLOGIES","FR","EYBENS","61503724379","50372437900022","TEC676"
"CTVM","FR","COLLEGIEN",NA,"512 076 712 00029","CTVM01"
"ALGADE - GROUPE CARSO","FR","BESSINES SUR GARTEMPE","84389321746","38932174600015","ALGA02"
"INSTITUT NATIONAL DE L'INFORMATION GEOGRAPHIQUE ET FORESTIER","FR","VILLEURBANNE",NA,NA,"INST14"
"SANERGRID","FR","LYON","27808040463","808040463","SANE03"
"Bordelaise Electronique","FR","Martignas Sur Jalle","77750635815","750635815","ELE539"
"ALSE - ADVANCED LOGIC SYNTHESIS FOR ELECTRONICS","FR","DIJON",NA,"39282276300018","ALSE03"
"REAL","FR","ANNEMASSE","68956500367","956500367","REAL25"
"PORTALP FRANCE","FR","FONTAINE","27424850014","42485001400434","PORT11"
"IRSN - SERVICE DE TRAITEMENT DES ECHANTILLONS ET DE","FR","LE VESINET CEDEX",NA,"44054601800027","IST-03"
"EGTIM INDUSTRIE","FR","PULVERSHEIM","96448881011","44888101100051","ERGO10"
"SAS VALLIER ASSAINISSEMENT","FR","GEX","8639127923",NA,"VALL12"
"BRONKHORST FRANCE SAS","FR","Montigny les LCormeilles","14352714828","35271482800014","INS-03"
"SCHROFF (FRANCE)","FR","BETSCHDORF","46316854553","RCS79B519","SCHR87"
"ESCIL","FR","CHASSIEU CEDEX",NA,"971 506 845","ESCI02"
"VALENTINA VENTURI","FR","SERGY","88823312616","595995","VALE09"
"SOLYRO - SOCIETE LYONNAISE DE ROBINETTERIE","FR","DECINES","23/314136185","31413618500035RCS","SOLY50"
"RICHARDSON ELECTRONICS (FRANCE)","FR","NANTERRE","10529000622",NA,"RICH77"
"VISIOM","FR","ANTONY","46413249467","41324946700015","VISI23"
"NEYCO","FR","VANVES","29542032255","54203225500060","NEYC01"
"DELTA DIFFUSION","FR","FRONTONAS","12499314193","49931419300016","DELT51"
"MORIS INDUSTRIE DISTRIBUTION","FR","ALBERTVILLE","67431896463","43189646300012","MID-02"
"LE CIRCUIT IMPRIME FRANCAIS CIF","FR","BUC","80316469345","31646934500045","CIF-02"
"MDC","FR","MAUGUIO","24451843270","45184327000054","MDC-07"
"CIRIL GROUP","FR","VILLEURBANNE","28305163040","30516304000119","CIRI01"
"LEASAMETRIC","FR","VILLEBON SUR YVETTE","69453739732","45373973200023","LV--01"
"BLIK","FR","MILLY LA FORET","74379020084",NA,"BLIK02"
"SAS HYDRETUDES","FR","ARGONAY","07379926462","37992646200092","HYDR45"
"TEKNIS FRANCE","FR","LE CHESNAY CEDEX",NA,NA,"TEKN35"
"EUROFLUX SAS","FR","BALLAINVILLIERS","35351279914",NA,"EUR359"
"IXBLUE SAS","FR","SAINT GERMAIN EN LAYE","09433185121","43318512100061","IXBL01"
"ROCHLING GROUP","FR","MAXEVILLE","63342340759","6334234075900030","ROCH02"
"SWAGELOK LYON","FR","GENAS","63339467037","33946703700075","LYON02"
"ELEXIENCE SA","FR","VERRIERES-LE-BUISSON CEDEX","75719804817","71980481700034 R.C.S","ELEX75"
"CEGELEC ENERGIE CENTRE EST (FR) + CEGELEC SA (CH)","FR","ST GENIS POUILLY",NA,NA,"GR2T85"
"REEL","FR","SAINT CYR AU MONT D OR","12962501318","962501318","REEL50"
"EASY FLUIDES","FR","BRESSOLLES","81809882996","80988299600014","EASY11"
"THALES AVIONICS FRANCE SAS","FR","MERIGNAC","65612039495","34072362600065","THAL02"
"MILEXIA FRANCE SAS","FR","VERRIERES-LE-BUISSON CEDEX","75719804817","71980481700034 R.C.S","ELEX75"
"CINOX","FR","ST DIDIER SUR CHALARONNE",NA,NA,"CINO01"
"RINCENT BTP LABORATOIRES","FR","LONGVIC, BOURGOGNE",NA,"43883578700054","RINC03"
"OMICRON TECHNOLOGIES","FR","EYBENS","93345134175","34513417500057","TEC331"
"SOFILEC","FR","VAUX EN BUGEY","80828890178","828 890 178","SOFI07"
"FAURE AUTOMATISME","FR","FEYZIN",NA,"31270675700050","FAUR50"
"SAVOIES AIN CONSTRUCTION","FR","BELLEY","78513750919","51375091900013","SAV-95"
"APX","FR","SARRIANS","16388423568","38842356800020","APX-03"
"KAPECI GROUPE METALPE","FR","PORT","01418245437","45165948600018","PORA01"
"MIRION TECHNOLOGIES (FRANCE)","FR","MONTIGNY LE BRETONNEUX","28384449773","384449773","TEC333"
"SYSTEMS AND TECHNICS FRANCE","FR","VIGNEUX DE BRETAGNE",NA,"750157265000","TEC673"
"SOLCERA","FR","MOISSY CRAMAYEL","76440316842","44031684200028","COOR05"
"VALLIER ASSAINISSEMENT","FR","GEX","8639127923",NA,"VALL12"
"ALLECTRA","FR","LA CHAPELLE NEUVE",NA,"4682286","ALLE04"
"EDA ECLAIREMENT DESENFUMAGE AERATION","FR","BOURGOIN JALLIEU","77488092511","48809251100010","EEDA01"
"SARL MORAND","FR","BELLIGNAT","16409546967","40954696700061","MORA05"
"SEDI ATI FIBRES OPTIQUES","FR","COURCOURONNES","87722043775","72204377500047","SFO-02"
"INGEROP (FRANCE)","FR","VIENNE","45489626135","48962613800268","INGE04"
"AXSON FRANCE","FR","SAINT OUEN L'AUMONE",NA,NA,"AXSO01"
"IREIS","FR","ANDREZIEUX BOUTHEON","18451892350","B451892350","IREI01"
"DAMAC","FR","SAINT MARTIN D'HERES","03300848116","30084811600020","SOCI05"
"PHT PLASTIQUES HAUTES TECHNOLOGIES","FR","LE VERSOUD",NA,"453 896 615 00011","PHT-02"
"AUBRY PROFILS","FR","GONESSE",NA,NA,"AUBR02"
"SAMTEC FRANCE LLC","FR","Magny Le Hongre","21411226459","41122645900062","SAMT01"
"MYCRONIC","FR","RUNGIS CEDEX 1","11333906139","33390613900055","MYCR02"
"HAULOTTE GROUP","FR","SAINT PRIEST",NA,NA,"HAUL04"
"ADRINORD","FR","LILLE","01775624380",NA,"ADRI03"
"SARL SOGOOD TRAITEUR","FR","DIVONNE LES BAINS","4553947792","53947792700021","SGT-03"
"BENEDETTI GUELPA","FR","PASSY","53433332996","43333299600035","BENE05"
"TUYAUX FLEXIBLES RUDOLPH","FR","SARTROUVILLE","17552137226","55213722600023","RUDO50"
"ADTE","FR","FAREINS","88414066803","41406680300019","ADTE02"
"ACTIWORK","FR","BEYNOST",NA,NA,"ACTI09"
"SAIP","FR","CHASSE SUR RHONE","2738519906","385199906","SAIP02"
"CARATELLI SAS","FR","CROLLES",NA,NA,"CARA04"
"ABSOLUT SYSTEM SAS","FR","SEYSSINET PARISET","24521646216","521 646 216 00049","ASS-11"
"KIT UNITED","FR","PARIS",NA,NA,"KIT-03"
"FULLVAC","FR","LE VERSOUD","72515093979",NA,"FULL01"
"NEW IMAGING TECHNOLOGIES","FR","VERRIERES LE BUISSON","88494135841","49413584100026","TEC968"
"LABORATOIRE OKSMAN SERAPHIN","FR","RAMONVILLE ST-AGNE",NA,"32173578900034","OKSM01"
"UNIVERSITE DES SCIENCES ET TECHNOLOGIES DE LILLE","FR","VILLENEUVE D'ASCQ CEDEX",NA,NA,"UNI465"
"TCI PLAST","FR","FRAGNES",NA,NA,"TCI-04"
"PR ELECTRONICS FRANCE SARL","FR","BRON",NA,"39337950800053","PR--01"
"BOUCHET CONSTRUCTION METALLIQUE","FR","PRINGY",NA,NA,"BOUC05"
"MITSUI & CO. EUROPE PLC, PARIS BRANCH","FR","PARIS","552104416","52080686000026","MITS06"
"SAIREM","FR","NEYRON",NA,"31242416100049","SAIR50"
"OXYMETAL CHAMPAGNE","FR","POILLY","883223662","32236620400020","OXYM01"
"WORKSHAPE","FR","LA ROCHE DE GLUN","20495010241","49501024100018","WORK08"
"ADLINK TECHNOLOGY","FR","LES ULIS",NA,NA,"TEC722"
"GIP SOURCES HA","FR","GIF SUR YVETTE CEDEX",NA,NA,"CSGS01"
"CURIUM SAS","FR","MONTAGNY",NA,NA,"CURI02"
"IDES CONSULTANTS","FR","LYON",NA,"402558068","IDDE01"
"REAL (FRANCE)","FR","ANNEMASSE","68956500367","956500367","REAL25"
"FOURTY-THIRTY/QUARANTE-TRENTE/40-30","FR","SEYSSINET PARISET","56340043926","340043926","FOUR09"
"BILLET FOURNIER","FR","BELLEGARDE","90339964462","339964462","BILL50"
"SARL LACHENAL GEOMETRE EXPERT","FR","CESSY","00835160490","83516049000016","LGE-01"
"AIRBUS SAFRAN LAUNCHERS SAS","FR","Les Mureaux 6 CEDEX","82519032247","519032247","SAFR03"
"DECIBEL FRANCE S.A.S","FR","MIRIBEL CEDEX","5741867684","41867684700027","DECI50"
"POLYTEC FRANCE","FR","CHATILLON CEDEX","13326557840","32655784000054","POLY04"
"SPIRIT EXPO / SPIRIT EDITIONS","FR","BEYNOST","13422778639","42277863900035","SPIR13"
"ROCKWOOD WAFER RECLAIM","FR","GREASQUE","3350018",NA,"RWR-01"
"ABBAYE DE TALLOIRES","FR","TALLOIRES",NA,NA,"ABBA01"
"APERAM (FRANCE)","FR","IMPHY","41440326692","440326692","APER01"
"SAMARO EX DIL","FR","VILLEBON SUR YVETTE","40444309447","44430944700019","DIL-01"
"DMG MORI FRANCE","FR","ROISSY EN FRANCE","48350618443","35061844300047","DMG-05"
"RECORD PORTES AUTOMATIQUES","FR","VOGLANS","72399024652","39902465200147","RPA-02"
"JOLY ISOLATION VENTILATION","FR","GIVRY","28799740238","79974023800016","IDC-03"
"Cegelec energie centre est","FR","SAINT GENIS POUILLY","83537915787","53791578700122","CEGE55"
"INFOR (FRANCE)","FR","RUEIL MALMAISON","84377622188","377622188","DATA56"
"CNRS - IN2P3","FR","ORSAY CEDEX",NA,NA,"UNIV43"
"SA MARGAIRAZ","FR","ARGONAY",NA,NA,"MARG04"
"A.A.I","FR","SAINT JEAN DE BOURNAY",NA,"53008295700016","AAI-01"
"DANIELI UK HOLDING","FR","MERY","68850200783","850200783","DUH-02"
