"supplier_name","country","city","vat_number","registration_number","supplier_code"
"TRANSFORMATEURS BC","FR","FONTENAY LE COMTE",NA,NA,"BC--50"
"ISOL APPLICATIONS","FR","BONS EN CHABLAIS",NA,"45361877900012","ISOL20"
"CEGELEC/FR+ AMEC SPIE/FR+ FENWICK/FR + SPIE NEDERLAND/NL","FR","ST GENIS POUILLY",NA,NA,"GR4S15"
"SEF STE D'ETUDES ET FABRICATIONS","FR","LABEGE (TOULOUSE)",NA,"32292671800014","SEF-50"
"SIGMAPHI S.A.","FR","VANNES",NA,"79018371900034","SIGM50"
"HAZEMEYER SA","FR","GAUCHY","13585680051","58568005100166","HAZE50"
"CERAP","FR","BEAUMONT-HAGUE",NA,NA,"CERA66"
"GARLOCK FRANCE SAS (EX CEFILAC SA )","FR","ST-ETIENNE CEDEX 1",NA,"40007299700036","GOOD04"
"INEO TROIS LACS(EX ALPES /FABRICOM(BE)/PRE-ELECTROMONTAZ(PL)","FR","SAINT GENIS POUILLY",NA,NA,"GR3S40"
"DEISTER ELECTRONIC","FR","ORSAY",NA,NA,"ELE283"
"SPIE SUD-EST","FR","SAINT GENIS POUILLY CEDEX",NA,"44005586100304","SPIE31"
"REXEL (FRANCE)","FR","ST GENIS POUILLY",NA,"30930461604250","ISNA50"
"EURO SYSTEM","FR","VARCES CEDEX",NA,"34348897900018","EURO97"
"SEMIKRON","FR","LYON CEDEX 3",NA,"78540809700034","SEMI60"
"SAUNIER DUVAL ELECTRICITE SDEL","FR","DARDILLY CEDEX",NA,NA,"SAUN50"
"INDUSTRIELLE DE CONTROLE ET D'EQUIPEMENT (ICE)","FR","ST GENIS LAVAL",NA,NA,"ICE-25"
"VICTORY","FR","SAINT-ETIENNE CEDEX 2",NA,NA,"VICT02"
"SOCIETE REGIONALE DE CONSTRUCTION FLORIOT EX SODEP","FR","NEUVILLE SUR AIN",NA,NA,"SODE02"
"AVX (FRANCE)","FR","ORSAY",NA,"38429928500039","ASAS01"
"EDWARDS S.A.","FR","GENNEVILLIERS CEDEX",NA,"37882177100128","EDWA01"
"CCM EQUIPEMENT","FR","PRINGY",NA,"39306100700034","CCM-45"
"AMEC SPIE + ZEC-SERVICE/PL","FR","ST GENIS POUILLY",NA,NA,"GR2T15"
"INGENICA-INGENIERIE INDUSTRIELLE","FR","CHASSE-SUR-RHONE",NA,NA,"INGE22"
"ATOS S.A.","FR","CARROS CEDEX",NA,"35082778800018","ATOS50"
"INEO TROIS LACS(EX ALPES)/FABRICOM(BE)/PRE-ELECTROMONTAZ(PL)","FR","SAINT GENIS POUILLY",NA,NA,"GR3S40"
"PREZIOSO SA","FR","VIENNE CEDEX","53573680162","57368016200340","PREZ50"
"INEO GDF SUEZ + AXIMA SISTEMAS E INSTALACIONES S.A ESPAG","FR","SAINT GENIS POUILLY",NA,NA,"GR2T66"
"CONSORTIUM ASSYSTEMS - INBIS","FR","PARIS",NA,NA,"GR2T60"
"HYPER TECHNOLOGIES","FR","LES CLAYES SOUS BOIS",NA,NA,"HYPE04"
"COVIMAG","FR","BRIVE CEDEX",NA,"39955947500021","COVI01"
"LM LUDOVIC MARTIN","FR","CESSY",NA,"40083491700025","LM--02"
"DISTRAME SA (EX FRANCAISE D'INSTRUMENTATION )","FR","SAINTE SAVINE","03380194019","38019401900077","FRAN50"
"THALES INDUSTRIAL SERVICES","FR","VELIZY VILLACOUBLAY CEDEX",NA,"34072362600065","THAL02"
"CONVERTEAM SAS","FR","BELFORT",NA,"48121369200082","CONV05"
"INEO TROIS LACS (FR) - BRICOM (BE) - PRE-ELECTROMONTAZ (PL)","FR","SAINT GENIS POUILLY",NA,NA,"GR3S40"
"NALCO FRANCE  (EXONDEO NALCO FRANCE  EX NALCO FRANCE S.A.S.)","FR","WASQUEHAL CEDEX",NA,"41494668100023","NALC01"
"INEO GDF SUEZ + AXIMA SISTEMAS E INSTALACIONES SA ESPAG","FR","SAINT GENIS POUILLY",NA,NA,"GR2T66"
"ALGECO SA DIRECTION REGIONALE SUD-EST","FR","MEYZIEU CEDEX",NA,NA,"ALGE75"
"AVX (FRANCE) - AVX CORPORATION","FR","ORSAY",NA,"38429928500039","ASAS01"
"IDIL FIBRES OPTIQUES","FR","LANNION",NA,NA,"IFO-01"
"PMB METACERAM TECHNOLOGIES","FR","PEYNIER",NA,NA,"TEC379"
"POISSON (FRANCE)","FR","PRINGY",NA,"31968826300031","POIS01"
"THALES (FRANCE)","FR","VELIZY VILLACOUBLAY CEDEX",NA,"34072362600065","THAL02"
"CETAL SA","FR","HAGUENAU CEDEX",NA,"68850023000018","CETA01"
"POLYTEC FRANCE SAS","FR","CHATILLON CEDEX","13326557840","32655784000054","POLY04"
"THERMOCOAX INTERNATIONAL","FR","ATHIS DE L ORNE",NA,"32345992500026","THER71"
"SISO SA","FR","VAULX EN VELIN",NA,"41049052800024","SISO50"
"CEGELEC ENERGIE CENTRE-EST (ACTEMIUM)","FR","ST GENIS POUILLY","83537915787","53791578700031","CEGE55"
"CONTROL A.J.C. INTERNATIONAL","FR","MARANGE SILVANGE",NA,NA,"CONT67"
"CT PLATON S.A.","FR","DOMONT","45439195447",NA,"PLAT15"
"CCID SARL","FR","LYON",NA,NA,"CCID50"
"ARTEC INDUSTRIES ""W"" -> RTA-01","FR","CHATEAU GONTIER",NA,NA,"ARTE62"
"CERCA","FR","PIERRELATTE CEDEX",NA,"57220543300095","CERC50"
"SGS QUALITEST","FR","PARIS CEDEX 01",NA,NA,"SGSQ50"
"B & S INTERNATIONAL FRANCE SARL","FR","ST GENIS POUILLY",NA,NA,"BS--75"
"SPIE-TRINDEL","FR","SAINT GENIS POUILLY CEDEX",NA,"44005586100304","SPIE31"
"ANSALDO S.P.A.","FR","ST GENIS POUILLY",NA,NA,"GR4S02"
"METAREG","FR","ST.GENIS-POUILLY CEDEX",NA,NA,"META56"
"MICROWARE SYSTEMS FRANCE","FR","MEYREUIL",NA,NA,"MICR38"
"BONITEMPO SA","FR","CALUIRE",NA,"95650936800034","BONI75"
"HYPERTECH S.A.","FR","EVRY CEDEX",NA,NA,"HYPE45"
"JEHIER SA","FR","CHEMILLE",NA,"06420002500019","JEHI50"
"THOMSON CSF","FR","PARIS CEDEX 08",NA,NA,"THOM45"
"CEGELEC","FR","ST GENIS POUILLY","83537915787","53791578700031","CEGE55"
"SGTE TRAVAUX ELECTRIQUES","FR","ST GENIS POUILLY",NA,NA,"SGTE50"
"GEC ALSTHOM","FR","ORLEANS CEDEX 1",NA,NA,"GEC-05"
"G.E.I.E GEMATEC (ELYO, SCHMEINK-COFR., DELATTRE-L., BELLELI)","FR","ST GENIS POUILLY",NA,NA,"GR4S03"
"ANSALDO-SPIE-SDEL-CLEMESSY","FR","ST GENIS POUILLY",NA,NA,"GR4S02"
"MIDI INGENIERIE","FR","LABEGE CEDEX",NA,NA,"MIDI50"
"JEAN-LUC RULLIER","FR","LE BARP",NA,NA,"RULL01"
"FOGALE NANOTECH","FR","NIMES",NA,"32788000100059","FOGA25"
"PULSE MC2","FR","EVRY CEDEX",NA,"41047873900031","PULS01"
"CESTA","FR","LE BARP",NA,NA,"CEST40"
"CABURN-MDC-FRANCE","FR","LYON",NA,"39462471200029","CABU54"
"CHEVAL FRERES","FR","BESANCON CEDEX",NA,NA,"CHEV35"
"SIPMA SA","FR","PASSY",NA,NA,"SIPM50"
"S.A.U.STE AUTONOME D'USINAGE","FR","LONGJUMEAU",NA,NA,"SAU-01"
"SALIES SA","FR","VILLEBON SUR YVETTE CEDEX",NA,NA,"SALI30"
"THOMSON CSF *** voir THAL02 info firm ***","FR","PARIS CEDEX 08",NA,NA,"THOM45"
"CNRS","FR","ORSAY CERDEX",NA,NA,"CNRS50"
"SGS FRANCE","FR","PARIS CEDEX 01",NA,NA,"SGSQ50"
"SAGEM (STE D'APPLICATIONS GEN. D'ELECTRICITE & DE MECANIQUE)","FR","MALAKOFF CEDEX",NA,NA,"SAGE50"
"SGS QUALITEST, SGS GOTTFELD, LOGITEST, SPIE-TRINDEL","FR","ORSAY",NA,NA,"GR4S01"
"AMSE (FR)/ FABRICOM SA (BE)/ PRE-ELECTROMONTAZ (PL)","FR","SAINT GENIS POUILLY",NA,NA,"GR3S40"
"DELTA OHM","FR","BOIS COLOMBES",NA,NA,"DELT83"
"HYPER INDUSTRIE","FR","PLAISIR",NA,NA,"HYPE05"
"SAINT-GOBAIN DESMARQUEST S.A.","FR","EVREUX CEDEX",NA,NA,"DESM25"
"ALIMTRONIC","FR","COURTABOEUF",NA,NA,"ALIM50"
"INEO ALPES(EXAMSE) / FABRICOM SA (BE)/ PRE-ELECTROMONTAZ(PL)","FR","SAINT GENIS POUILLY",NA,NA,"GR3S40"
"ENDEL/FR + AXIMA/BE + GTI/NL","FR","SAINT GENIS POUILLY",NA,NA,"GR3S49"
"PLASMION","FR","VILLEJUIF CEDEX",NA,NA,"PLAS10"
"CABURN-MDC SARL","FR","LYON",NA,"39462471200029","CABU54"
"SALIES  - CHELTON GROUP","FR","VILLEBON SUR YVETTE CEDEX",NA,NA,"SALI30"
"GARLOCK FRANCE SAS (EX CEFILAC SA  (EX GOODRICH CEFILAC))","FR","ST-ETIENNE CEDEX 1",NA,"40007299700036","GOOD04"
"SPIE SUD EST/F-CONTROLMATIC/DE","FR","ST GENIS POUILLY",NA,NA,"GR2S68"
"CICERON","FR","ST ALBAN-DE-ROCHE",NA,NA,"CICE01"
"D'HUART INDUSTRIE SA","FR","MARSEILLE",NA,"38288332000014","DHUA01"
"VEECO SA","FR","DOURDAN",NA,NA,"VEEC50"
"ECRIN SYSTEMS ( EX ECRIN AUTOMATISMES SA)","FR","CROLLES",NA,"32984418700107","ECRI50"
"MONTESSUIT & FILS SA","FR","GAILLARD",NA,"79638030100021","MONT93"
"MECACHROME","FR","AUBIGNY SUR NERE","64429853351","42985335100055","MECA28"
"MICROPIERRE","FR","BESANCON",NA,"55282055700031","MICR75"
"ABB ENTRELEC (EX:ABB SPIE TABLEAUX)","FR","ILLKIRCH CEDEX",NA,NA,"ABB-71"
"C.T.D.E.C.","FR","CLUSES CEDEX",NA,"77656104500019","CTDE01"
"ELEXO","FR","BOULOGNE",NA,NA,"ELEX02"
"ENFRASYS SAS (EX ACTEMIUM(EX:EGTIE COMPAGNIE GEN TRAVAUX","FR","RILLIEUX LA PAPE",NA,NA,"GTIE50"
"ASSYSTEM FRANCE - SAPHYMO GMBH","FR","ST QUENTIN EN YVELINES CEDEX",NA,NA,"GR2T40"
"MULLER-BBM VIBROAKUSTIK SYSTEME","FR","CERGY-PONTOISE CEDEX",NA,"41109339600058","MBV-01"
"ABMT","FR","VILLAZ",NA,"69678042800392","ABMT50"
"ETS HYDRAUMECA","FR","CHASSIEU CEDEX",NA,NA,"HYDR22"
"GROUPE S.R.F. (SYNERGIE RECHERCHES FUTURES)","FR","LISIEUX",NA,NA,"GROU04"
"WESTINGHOUSE EUROPE","FR","LA VARENNE ST HILAIRE",NA,NA,"WEST80"
"LE CARBONE-LORRAINE","FR","PARIS LA DEFENSE CEDEX",NA,"57206033300224","CARB62"
"L'AIR LIQUIDE","FR","CHAMPIGNY SUR MARNE","81552096281","31411950401002","LAIR50"
"AIR LIQUIDE","FR","CHAMPIGNY SUR MARNE","81552096281","31411950401002","LAIR50"
"TECHNIX","FR","CRETEIL","08431310531","43131053100048","TEC-81"
"TRANSRAIL B&V SAS","FR","VAULX EN VLIN",NA,"44457920500022","TRA-38"
"SCHROFF (FRANCE)","FR","BETSCHDORF",NA,"31685455300013","SCHR87"
"ARCEL","FR","CHAMPAGNE AU MONT D OR",NA,"97250589500045","ARCE50"
"SEF - SOCIETE ETUDE & FABRICATION","FR","LABEGE (TOULOUSE)",NA,"32292671800014","SEF-50"
"CERAQUEST","FR","LES CLAYES SOUS BOIS",NA,"75134682600025","CERA14"
"MKS INSTRUMENTS FRANCE","FR","LE BOURGET CEDEX",NA,NA,"MKS-50"
"PHOTONIS FRANCE S.A.S","FR","BRIVE CEDEX","74383300597","38330059700010","PHOT07"
"ALDIANCE","FR","CLUSES CEDEX",NA,"32516657700123","DIMA25"
"PREZIOSO (PREZIOSO TECHNILOR)(FRANCE)","FR","VIENNE CEDEX","53573680162","57368016200340","PREZ50"
"BERGOZ INSTRUMENTATION","FR","ST GENIS POUILLY",NA,"41499713000029","BERG87"
"CRYO DIFFUSION","FR","LERY",NA,"33422503400019","CRYO25"
"SILICA","FR","MASSY CEDEX",NA,"55207601000362","AVNE50"
"YVES COUGNAUD","FR","LA ROCHE SUR YON CEDEX","84310601687","31060168700026","COUG01"
"ALGECO","FR","MEYZIEU CEDEX",NA,NA,"ALGE75"
"INEO GDF SUEZ (FR) + AXIMA SISTEMAS E INSTALACIONES SA (ES)","FR","SAINT GENIS POUILLY",NA,NA,"GR2T66"
"INEO GDF SUEZ (FR) - AXIMA SISTEMAS E INSTALACIONES (ES)","FR","SAINT GENIS POUILLY",NA,NA,"GR2T66"
"CEGELEC - GTM - SAVEC (JOINT VENTURE)","FR","SAINT GENIS POUILLY",NA,NA,"GR3S62"
"PAPETERIE DES BALMETTES - PLEIN CIEL ANNECY","FR","SEYNOD",NA,"33056769400063","PDB-01"
"CEGELEC ENERGIE CENTRE EST (FR) - GTM - SAVEC","FR","SAINT GENIS POUILLY",NA,NA,"GR3S62"
"CABINET D'ARCHITECTURE PAUCOD SARL EX  (SARR PAUCOD-J ARGAUD","FR","FERNEY VOLTAIRE",NA,"35356210100017","PAUC01"
"TV 8 MONT BLANC (T2S)","FR","SEVRIER",NA,"42283287300018","TV--50"
"AUSY S.A.","FR","TASSIN LA DEMI LUNE",NA,NA,"AUSY01"
"SERGE ROY","FR","FERNEY VOLTAIRE CEDEX",NA,NA,"ROY-01"
"SRC INFORMATIQUE S.ROY","FR","FERNEY VOLTAIRE",NA,NA,"SRC-03"
"SRC INFORMATIQUE","FR","FERNEY VOLTAIRE",NA,NA,"SRC-03"
"INFERENCE","FR","CHAMALIERES","42316393834","31639383400064","INFE50"
"ANDREW BRANSON","FR","ST GENIS POUILLY",NA,NA,"BRAN03"
"ALTECA","FR","LYON",NA,NA,"ALTE07"
"QUALIAC (ex INFERENCE)","FR","CHAMALIERES","42316393834","31639383400064","INFE50"
"MR BENOIT GARRIGUES","FR","FEIGERES",NA,NA,"GARR02"
"COMPAGNIE GENERALE DES PLASTIQUES","FR","SAINT CHAMOND",NA,"41038675900022","PLAS19"
"ALSTOM S.A.","FR","ST JEAN DE BRAYE",NA,"38905844700043","ALST88"
"VELAN S.A.S","FR","LYON 7","84350811097","35081109700020","VELA02"
"GROUPE SETAM (STOCKALP VPC)","FR","ANNEMASSE CEDEX",NA,"30245608200056","SETA01"
"PHM CONSULTANT SARL","FR","ANZIN SAINT AUBIN",NA,NA,"PHM-01"
"MIL'S","FR","GENAS",NA,NA,"MILS01"
"BILLET FOURNIER SA","FR","MEYTHET",NA,"33996446200040","BILL50"
"DAUPHELEC","FR","SEYSSINET PARISET",NA,NA,"DAUP35"
"CONSORTIUM REEL SAS + ALTEAD SAS","FR","SAINT GENIS POUILLY",NA,NA,"GR2T65"
"CEGELEC - GTM - SAVEC","FR","SAINT GENIS POUILLY",NA,NA,"GR3S62"
"GEXFIS FOURNITURES INDUSTRIELLES","FR","SAINT GENIS POUILLY",NA,NA,"GGF-02"
"STIC EQUIPEMENTS D'ATELIERS","FR","OULLINS CEDEX",NA,"48764767900017","SED-03"
"FRANCE ETUVES","FR","CHELLES",NA,NA,"FRAN49"
"BALBINOT SA","FR","BELLEGARDE SUR VALSERINE",NA,"35168420400040","BALB01"
"SPIE SUD EST/FR - PHILIPS PROJECTS","FR","ST GENIS-POUILLY CEDEX",NA,NA,"GR2S15"
"SOMEX S.A.S.","FR","ENSISHEIM",NA,NA,"SOME06"
"CERCLIM","FR","PRINGY",NA,"44969797800020","CERC01"
"SENSEL MEASUREMENTS","FR","VINCENNES",NA,"50227790800013","SENS13"
"EUROTHERM AUTOMATION","FR","DARDILLY CEDEX","07642042287","64204228700093","EURO84"
"FROID-SEICAR","FR","MEYTHET","53300794427","30079442700017","SEIC75"
"CERAP FR& CERAP UK","FR","BAGNOLS SUR CEZE",NA,NA,"GR2T71"
"GEXFIS - GEX FOURNITURES INDUSTRIELLES","FR","SAINT GENIS POUILLY",NA,NA,"GGF-02"
"IEC (IMAGER - EQUIPER - CONNECTER)","FR","RENNES CEDEX",NA,"35009370400285","IEC-01"
"CEGELEC ENERGIE CENTRE-EST","FR","ST GENIS POUILLY","83537915787","53791578700031","CEGE55"
"CEGELEC ENERGIE CENTRE EST (VINCI GROUP)","FR","ST GENIS POUILLY","83537915787","53791578700031","CEGE55"
"SITUB SA","FR","VITROLLES CEDEX",NA,NA,"SITU50"
"DEVILLE FRERES","FR","COLLONGES-FORT-L'ECLUSE",NA,NA,"DEVI50"
"ETS JEAN MORICE","FR","MESSAC",NA,NA,"MORI01"
"TRANE","FR","GOLBEY CEDEX",NA,"30605018800011","TRAN48"
"J. ZIGLIOTTO SA","FR","SAINT GENIS POUILLY CEDEX",NA,NA,"ZIGL50"
"DEGREMONT ERPAC","FR","RUEIL MALMAISON",NA,NA,"DEGR50"
"DALKIA (FR) - SPIE SUD EST (FR) CONSORTIUM","FR","LYON",NA,NA,"GR2T74"
"PREZIOSO LINJEBYGG","FR","VIENNE CEDEX","53573680162","57368016200340","PREZ50"
"CONSORTIUM SETIS-SINTEGRA-MAP GEOMATIQUE","FR","GRENOBLE",NA,NA,"GR3S70"
"CNB ELECTRONIQUE SA","FR","MAMIROLLE","88319947412","31994741200049","CNB-01"
"PREMIUM ANALYSE","FR","ORROY LE VENEUR",NA,"41497933600024","PREM11"
"MICRO CONTROLE SPECTRA-PHYSICS (NEWPORT CORP.)","FR","EVRY CEDEX 91","15382697399","38269739900071","MICR25"
"ASSYSTEM (FRANCE)","FR","SAINT GENIS POUILLY",NA,"44415916400151","ASI-01"
"HAZEMEYER","FR","GAUCHY","13585680051","58568005100166","HAZE50"
"ACTEMIUM NDT P&S","FR","ST GENIS POUILLY","83537915787","53791578700031","CEGE55"
"DIGIT CONCEPT","FR","SECQUEVILLE EN BESSIN",NA,NA,"DIGI08"
"CANBERRA ELECTRONIQUE","FR","ST QUENTIN YVELINES CEDEX",NA,"38444977300140","CANB02"
"ADANCE","FR","GEX","27404761314",NA,"ADAN02"
"TEMIC FRANCE SNC","FR","ST QUENTIN EN YVELINES",NA,NA,"TEMI02"
"I.S.N. (INST.SCIENCES NUCLEAIR.)","FR","GRENOBLE CEDEX",NA,NA,"ISN-50"
"EURODIS","FR","VILLEJUIF CEDEX",NA,NA,"EURO79"
"UNIVERSITE MONTPELLIER II - CNRS","FR","MONTPELLIER CEDEX 05",NA,NA,"GR2S27"
"ADANCE SARL","FR","GEX","27404761314",NA,"ADAN02"
"C4I CENTRE CIRCUITS INTEGRES","FR","ARCHAMPS",NA,NA,"CQUA01"
"SODIFLUX","FR","CHAUSSY",NA,"309 662 757 00025","SODI05"
"VSYSTEMS S.A.","FR","MONTIGNY LE BRETONNEUX",NA,NA,"VSYS50"
"CED","FR","COLLONGES SOUS SALEVE",NA,NA,"CED-05"
"CADENCE DESIGN SYSTEMS","FR","VELIZY VILLACOUBLAY",NA,"32920052100030","CADE01"
"IMS EUROPE (INTEGRATED MESUREMENT SYSTEMS)","FR","MEYLAN",NA,NA,"IMS-02"
"B.S.E.","FR","EVREUX","11390721561","39072156100020","BSE-01"
"EQUIPEMENTS SCIENTIFIQUES","FR","GARCHES",NA,"35357963400018","EQUI62"
"FARNELL (NEWARK)","FR","LIMONEST CEDEX",NA,"388 245 029 00086","FARN45"
"LV2I","FR","VILLEBON SUR YVETTE",NA,"45373973200023","LV--01"
"CTS CLIMATIQUE & THERMIQUE SERVICE","FR","AURIOL",NA,NA,"CTS-01"
"AMEC SPIE/F-CONTROLMATIC/DE","FR","ST GENIS POUILLY",NA,NA,"GR2S68"
"CINERG S.A.","FR","ARCHAMPS",NA,NA,"CINE60"
"COFRATHERM S.A. -> VOIR IDEX02","FR","ANNECY",NA,NA,"COFR01"
"SERMA S.A.","FR","VIRIAT CEDEX",NA,NA,"SERM03"
"HYDROFORAGE SA","FR","VIRIEU LE GRAND",NA,NA,"HYDR02"
"INEO ALPE(EXAMSE) / FABRICOM SA (BE)/ PRE-ELECTROMONTAZ (PL)","FR","SAINT GENIS POUILLY",NA,NA,"GR3S40"
"SOCOTEC","FR","BOURG EN BRESSE",NA,"54201665400882","SOCO07"
"SCHNEIDER ELECTRIC  (FRANCE)","FR","PRINGY",NA,"42110670900833","SCHN06"
"DALKIA (FRANCE)","FR","LYON",NA,"45650053701412","DALK01"
"DESIGN BY PERSPECTIVES","FR","MITRY MORY",NA,NA,"DBP-01"
"GOJON TRAVAUX PUBLICS","FR","MUSIEGES",NA,"43540851300040","GOJO01"
"SOGEDEC - ONET TECHNOLOGIES (ONET GROUP) COMPANY","FR","SAINT PAUL LEZ DURANCE",NA,NA,"SOGE10"
"CEM LOC","FR","SAINT PAULYENNE",NA,NA,"CEM-08"
"ID CONCEPT R&D","FR","JUVISY SUR ORGE",NA,"49286665200026","ICRD01"
"ALTIUS","FR","POISY","19411801442","41180144200020","ALTI02"
"LOXAM RENTAL (FRANCE) - A LOXAM COMPANY","FR","SAINT-GENIS POUILLY",NA,"45077696801344","LOXA01"
"RECORD PORTES AUTOMATIQUES","FR","VOGLANS",NA,"39902465200147","RPA-02"
"GOJON TRAVAUX PUBLICS","FR","MUSIEGES",NA,"43540851300040","GTP-01"
"SCHNEIDER ELECTRIC FRANCE ( EX GROUPE SCHNEIDER)","FR","PRINGY",NA,"42110670900833","SCHN06"
"A.S. CO ELECTRONIQUE","FR","CHAVILLE",NA,"34323716000043","CO--01"
"AVNET EMG FRANCE (SILICA - AVNET/ABACUS, /MEMEC, /EMBEDDED)","FR","MASSY CEDEX",NA,"55207601000362","AVNE50"
"AVNET EMG - SILICA (FRANCE)","FR","MASSY CEDEX",NA,"55207601000362","AVNE50"
"AG CONCEPT","FR","ECHIROLLES",NA,NA,"CONC23"
"DELTA ARCHITECTES - ASS ARCHITECTES ASSOCIS","FR","USINENS",NA,NA,"GR2T97"
"SOCIETE BEJEAN","FR","COURLANS",NA,NA,"BEJE50"
"LOCABRI","FR","BRIGNAIS",NA,"30445316000026","LOCA02"
"SOCIETE REXEL ( EX  ISNARD)","FR","ST GENIS POUILLY",NA,"30930461604250","ISNA50"
"FLUITEC","FR","OYONNAX",NA,"34468760300094","FLUI11"
"3 ERP ELECTRICITE","FR","PIERRELATTE","66APE4321A",NA,"ERPE01"
"VCF","FR","PIERRELATTE",NA,"41182174700036","VCF-02"
"LOCABRI & ICARE INDUSTRIES (A LOCABRI DEPARTMENT)","FR","BRIGNAIS",NA,"30445316000026","LOCA02"
"ELECTRO TABLEAUX","FR","VETRAZ MONTHOUX",NA,"79708069400038","ELEC83"
"FRANKEL","FR","MORANGIS CEDEX","53775703614","77570361400062","FRAN95"
"CERAP (FR) - CERAP (UK) GROUPEMENT","FR","BAGNOLS SUR CEZE",NA,NA,"GR2T71"
"SPIE IMISA/SPIE SUD EST","FR","ST GENIS POUILLY",NA,NA,"GR2T62"
"SOTEB NATIONAL ELEKTRO","FR","SEYNOD",NA,"33750525900024","SOTE20"
"ACCARY LECHNER INDUSTRIE","FR","CHENNEVIERES SUR MARNE",NA,NA,"ACCA01"
"RATIONAL","FR","MONTIGNY LES BRETONNEUX",NA,NA,"RATI50"
"ETABLISSEMENTS PERRIN","FR","CRAN GEVRIER","2938458301","38458301900029","PERR30"
"DELATTRE LEVIVIER","FR","NANTERRE CEDEX",NA,NA,"DELA62"
"BROOK HANSEN S.A.","FR","RAON L'ETAPE",NA,NA,"BROO01"
"LETI","FR","GRENOBLE CEDEX",NA,NA,"LETI50"
"ALCATEL","FR","VELIZY VILLACOUBLAY CEDEX",NA,"48763109500030","ALCA68"
"SDMS SOCIETE DAUPHINOISE MECANO-SOUDAGE","FR","ST ROMANS",NA,"50874814200025","SDMS50"
"MGE-UPS SYSTEMS","FR","SAINT PRIEST","73444643720","44464372000238","MGE-01"
"LANDIS & STAEFA S.A.","FR","ECHIROLLES",NA,NA,"LAND50"
"CEFILAC FARGERE INDUSTRIE","FR","ST ETIENNE CEDEX",NA,NA,"CEFI63"
"CALORSTAT INDUSTRIES","FR","DOURDAN CEDEX",NA,NA,"CALO90"
"TECNOMATIX","FR","JOUY EN JOSAS CEDEX",NA,NA,"TECN07"
"MICRODATA INFORMATIQUE","FR","FERNEY VOLTAIRE",NA,NA,"MICR113"
"ANCO INGENIERIE","FR","VENISSIEUX",NA,NA,"ANCO02"
"MATRA FRANCE","FR","LACROIX-SAINT-OUEN",NA,"31493783000060","MATR05"
"ADAPCO-FRANCE","FR","PARIS LA DEFENSE",NA,NA,"ADAP02"
"CEA COMMISSARIAT A L'ENERGIE ATOMIQUE","FR","PARIS CEDEX 15",NA,NA,"CEA-20"
"SETE","FR","ISSY LES MOULINEAUX CEDEX",NA,NA,"SETE15"
"ATEMI SARL","FR","ECULLY",NA,NA,"ATEM75"
"CORETECH INTERNATIONAL","FR","MARSEILLE",NA,NA,"CORE80"
"CD-ADAPCO FRANCE","FR","BOBIGNY","49398948661",NA,"CD--02"
"ANCO INGENIERIE - CRIL TECHNOLOGY SIMULATION","FR","VENISSIEUX",NA,NA,"ANCO02"
"ANCO INGENIERIE-GROUP CRIL TECHNOLOGY","FR","VENISSIEUX",NA,NA,"ANCO02"
"SODERN","FR","LIMEIL BREVANNES CEDEX","91572089795",NA,"SODE03"
"CEGELEC (FR) - CEGELEC IBERICA","FR","ST GENIS POUILLY",NA,NA,"GR2S19"
"ARCADIS","FR","VILLEURBANNE CEDEX",NA,"40150379200384","ARCA09"
"ENTREPRISE PIANI","FR","ANSE",NA,NA,"PIAN02"
"VACHETTA PIERRE","FR","GEX",NA,"41402303600018","VACH01"
"CETE APAVE SUDEUROPE","FR","TASSIN LA DEMI LUNE CEDEX",NA,"51872092500040","APAV50"
"J.B.T MACONNERIE (EX TICOZZI JEAN)","FR","FERNEY VOLTAIRE",NA,NA,"TICO01"
"DROUOT SA","FR","BRIGNAIS",NA,NA,"DROU03"
"SMAC ACIEROID","FR","VAULX EN VELIN CEDEX",NA,"68204083700283","SMAC50"
"CHEVALIER GIROD SARL","FR","LES ROUSSES",NA,NA,"CHEV04"
"M.C.P. SA","FR","ANNECY-LE-VIEUX",NA,NA,"MCP-40"
"AMEC SPIE + ELECTRON","FR","SAINT GENIS POUILLY",NA,NA,"GR2T37"
"ANEP S.A. (APPLIC.NOUVELLES DE L'ELECTRON.PROFESSIONNELLE)","FR","BOISSY ST LEGER",NA,"31601514800018","ANEP01"
"ESPACE BUREAUTIQUE INFORMATIQUE","FR","GEX",NA,"48800020900012","ESPA75"
"OPTELECOM-NKF SAS","FR","PARIS",NA,NA,"ONS-01"
"GERLAND SAVOIE-LEMAN","FR","BELLEGARDE",NA,NA,"GERL50"
"ENDEL NUCLEAIRE SCTN","FR","AVOINE",NA,"43827703000112","SCTN01"
"CHALLENGE LEARNING","FR","GEX",NA,"40083047700024","CHAL02"
"UNESCO","FR","PARIS 07 SP",NA,"ORGANISATION","EDIT91"
"LUNCH SERVICE ANNECIEN","FR","METZ TESSY",NA,NA,"LUNC01"
"GL EVENTS","FR","PARIS",NA,"38055297600074","GEE-01"
"UNESCO","FR","PARIS",NA,"77566578900019","EDIT38"
"BARRIQUAND","FR","ROANNE",NA,"35296077700014","BARR12"
"SOLYRO - SOCIETE LYONNAISE DE ROBINETTERIE","FR","DECINES CHARPIEU CEDEX",NA,"31413618500035","SOLY50"
"BODYCOTE VILLAZ","FR","VILLAZ",NA,"69678042800392","ABMT50"
"MB ELECTRONIQUE","FR","BUC",NA,"72204522600106","MB--50"
"INTEGRATIONS ELEC HYPERFREQUENCES ET TELECOMMUNICATIONELHYTE","FR","LA VILLE DU BOIS",NA,"49163501700016","ELHY50"
"BOOSTEC INDUSTRIES","FR","BAZET",NA,"41426153700024","BOOS01"
"HUDRY SAVOIE AUTOMATISME (EX-HUDRY SA)","FR","SCIONZIER CEDEX",NA,"60562021000043","HUDR50"
"MOVING MAGNET TECHNOLOGIES S.A.","FR","BESANCON","53350766499","35076649900031","TEC363"
"MICROPLAN FRANCE SA","FR","LA FORET DU TEMPLE",NA,"34794775600032","MIC-17"
"ACQUISYS","FR","VOISINS LE BRETONNEUX",NA,"43369763800024","ACQU04"
"MINATEC","FR","RUEIL MALMAISON",NA,NA,"MINA01"
"LASELEC SA","FR","TOULOUSE CEDEX",NA,NA,"LASE31"
"QUANTEL SA","FR","LES ULIS CEDEX",NA,NA,"QUAN50"
"MICRO-CONTROLE SPECTRA-PHYSICS - NEWPORT","FR","EVRY CEDEX 91","15382697399","38269739900071","MICR25"
"DISTRAME SA","FR","SAINTE SAVINE","03380194019","38019401900077","FRAN50"
"BODYCOTE (FRANCE)","FR","VILLAZ",NA,"69678042800392","ABMT50"
"BEA METROLOGIE (BUREAU ETUDES AQUITAINE METROLOGIE)","FR","MERIGNAC",NA,"41360016400045","BEA-04"
"MICRO CONTROLE SPECTRA PHYSICS (NEWPORT CORPORATION)","FR","EVRY CEDEX 91","15382697399","38269739900071","MICR25"
"HLP TECHNOLOGIES","FR","COLOMBES",NA,NA,"HLP-01"
"MULLER BBM (FRANCE)","FR","CERGY-PONTOISE CEDEX",NA,"41109339600058","MBV-01"
"MDC VACUUM (CABURN MDC EUROPE) (FRANCE)","FR","LYON",NA,"39462471200029","CABU54"
"WINLIGHT (FRANCE)","FR","PERTUIS",NA,"44030442600040","WINL01"
"IMPRIMERIE VILLIERE","FR","BEAUMONT",NA,"40909351500016","IMPR22"
"CNRS - CENTRE NATIONAL DE LA RECHERCHE SCIENTIFIQUE","FR","ORSAY CERDEX",NA,NA,"CNRS50"
"ADI ARVE DECOLLETAGE ITHIER","FR","SAINT PIERRE EN FAUCIGNY",NA,"41926662200028","IAD-02"
"ELEXIENCE SA","FR","VERRIERES LE BUISSON",NA,"71980481700034","ELEX75"
"MONDIAL EVENTS","FR","LYON",NA,"49473448600033","MOND07"
"LANGLOIS MESURES ELECTRONIQUES","FR","GRADIGNAN CEDEX",NA,"38197309800019","LME-02"
"TECH-INTER","FR","THOIRY",NA,"39312254400058","TEC300"
"DISTRAME","FR","SAINTE SAVINE","03380194019","38019401900077","FRAN50"
"PENTAIR TECHNICAL SOLUTIONS SAS","FR","BETSCHDORF",NA,"31685455300013","SCHR87"
"AK STEEL FRANCE","FR","SURESNES",NA,"33904864700053","AK--03"
"PHOTON LINES","FR","SAINT GERMAIN EN LAYE",NA,"43496151200044","PHOT27"
"ANSYS (FRANCE)","FR","MONTIGNY LE BRETONNEUX",NA,"38937181600056","AFS-01"
"INITIAL","FR","SEYNOD",NA,"38026096800033","INIT01"
"CACEMI - CNAM","FR","PARIS CEDEX 03",NA,"19753471200017","CACE01"
"CARL ZEISS SAS","FR","MARLY LE ROI CEDEX","25719801664",NA,"CZS-01"
"G.E.I.E GEMATEC (ELYO, SCHMEINK-COFR., ENDEL., BELLELI)","FR","ST GENIS POUILLY",NA,NA,"GR4S03"
"BCV TECHNOLOGIES","FR","FONTENAY LE COMTE",NA,NA,"BCV-01"
"GENIE ACOUSTIQUE","FR","FONTAINES SUR SAONE",NA,NA,"GENI01"
"AFICOOR","FR","ANNECY",NA,NA,"AFIC01"
"NORISKO HOLDING (EX AFICOOR/GROUPE AIF)","FR","ANNECY",NA,NA,"AFIC01"
"SPIE BATIGNOLLES/FR-CONDOTTE D'ACQUA/IT/SOTRABAS/FR","FR","BOULOGNE BILLANCOURT",NA,NA,"GR3S27"
"01DB","FR","LIMONEST CEDEX",NA,NA,"ZERO01"
"ECO RECYCLAGE","FR","SAINT-EUSEBE",NA,NA,"ECO-03"
"AXON CABLE SA","FR","MONTMIRAIL",NA,"32568513900017","AXON50"
"ENTREPRISE PELICHET","FR","GEX",NA,"76420005100028","PELI50"
"J. ZIGLIOTTO SA ** VOIR META56 MA02**","FR","SAINT GENIS POUILLY CEDEX",NA,NA,"ZIGL50"
"JS AUTOMATION","FR","VOIRON CEDEX",NA,NA,"JS--01"
"M. VANNIER CHARLES GUSTAVE","FR","PREVESSIN MOENS",NA,NA,"VANN01"
"ALBERT JULES DUPUIS","FR","FERNEY VOLTAIRE",NA,NA,"DUPU01"
"MARTHE MARGUERITE SORNET","FR","PREVESSIN MOENS",NA,NA,"SORN01"
"COMMUNE DE PREVESSIN-MOENS","FR","PREVESSIN-MOENS",NA,NA,"COMM09"
"SPIE TRINDEL/F-CONTROLMATIC/DE","FR","ST GENIS POUILLY",NA,NA,"GR2S68"
"SGL (SIGRI GREAT LAKES) CARBON S.A.","FR","TOURVILLE LA RIVIERE",NA,NA,"SGL-03"
"SOTEB-VAHLE","FR","ST-GENIS-POUILLY",NA,NA,"GR2T46"
"SPIE BATIGNOLLES TPCI","FR","BOULOGNE BILLANCOURT",NA,NA,"SPIE01"
"AVX S.A.S.","FR","ORSAY",NA,"38429928500039","ASAS01"
"C.C.M. EQUIPEMENT","FR","PRINGY",NA,"39306100700034","CCM-45"
"ELECTRO-TABLEAUX","FR","VETRAZ MONTHOUX",NA,"79708069400038","ELEC83"
"ALTEAD","FR","SAINT GENIS POUILLY CEDEX",NA,"72920212700134","ALTE09"
"(TMI) TOLERIE MECANIQUE INDUSTRIELLE","FR","CROZET",NA,NA,"TMI-50"
"AMEC SPIE/TYCO INTEGRATED SYSTEMS/NL","FR","ST GENIS POUILLY CEDEX",NA,NA,"GR2S93"
"SPIE BATIGNOLLES/FR + SOC ITALIANA PER CONDOTTE D'ACQUA","FR","BOULOGNE-BILLANCOURT CEDEX",NA,NA,"GR2T33"
"DESAUTEL","FR","LYON CEDEX 3",NA,"95550398200014","DESA50"
"ISTEC - C.N.C. SERVICES","FR","MITRY-MORY",NA,NA,"ICNC01"
"BFI OPTILAS SA","FR","EVRY CEDEX",NA,NA,"OPTI56"
"MICHAUD-CHAILLY","FR","SAINT-PRIEST",NA,"31941693900282","MICH52"
"TENMAT SARL","FR","NANGIS",NA,NA,"TENM01"
"TEMCA","FR","XERTIGNY",NA,NA,"TEMC01"
"INEO ALPES SARL","FR","SAINT GENIS POUILLY","18313987547","40986811400284","INEO01"
"CARBONE LORRAINE","FR","PARIS LA DEFENSE CEDEX",NA,"57206033300224","CARB62"
"TIMET FRANCE","FR","CERGY PONTOISE CEDEX",NA,NA,"TIME65"
"CABLES PIRELLI S.A.","FR","PONT DE CHERUY",NA,NA,"PIRE70"
"ASSYSTEM SERVICE INDUSTRIE SASFR + GENITRON INSTRUMENTS DE","FR","ST QUENTIN EN YVELINES CEDEX",NA,NA,"GR2T40"
"CEGELEC CENTRE EST/FR +CEGELEC/DE","FR","SAINT GENIS POUILLY",NA,NA,"GR2T22"
"AMEC SPIE/FR - PHILIPS PROJECTS","FR","ST GENIS-POUILLY CEDEX",NA,NA,"GR2S15"
"ASTEN","FR","VOURLES",NA,NA,"ASTE04"
"ALPES SAVOIE NETTOYAGE","FR","CHAMBERY CEDEX",NA,NA,"ASN-01"
"R. PAUCOD - J. ARGAUD SARL","FR","FERNEY VOLTAIRE",NA,"35356210100017","PAUC01"
"AIF SERVICES","FR","GIERES",NA,NA,"AIF-50"
"SERCO GMBH/DE-AIR LIQUIDE/FR-LINDE KRYOTECHNIK/CH","FR","SASSENAGE",NA,NA,"GR3S30"
"LE FILS DE JOSEPH PERRIERE SARL","FR","PERON",NA,NA,"PERR17"
"GROUPE ORTEC","FR","AIX EN PROVENCE CEDEX 3",NA,NA,"ORTE55"
"SENSOREX","FR","ARCHAMPS","25334474111","33447411100021","SENS75"
"DASSAULT ELECTRONIQUE","FR","ST CLOUD",NA,NA,"DASS50"
"HAMAMATSU PHOTONICS FRANCE","FR","MASSY CEDEX",NA,"33308653600054","HAMA44"
"ATMEL WIRELESS & MICROCONTROLLERS","FR","ST QUENTIN EN YVELINES",NA,NA,"ATME01"
"LANDIS & GYR","FR","ECHIROLLES",NA,NA,"LAND50"
"KSB S.A.","FR","GENAS",NA,NA,"KSB-20"
"GROUPE SCHNEIDER","FR","PRINGY",NA,"42110670900833","SCHN06"
"SOCIETE SAVOISIENNE DE VERINS HYDRAULIQUES","FR","ALBERTVILLE CEDEX",NA,"64202578700028","SAVO05"
"SOCIETE DES CERAMIQUES TECHNIQUES (SCT)","FR","BAZET CEDEX",NA,"43394048300012","SCT-75"
"ABB SPIE TABLEAUX","FR","ILLKIRCH CEDEX",NA,NA,"ABB-71"
"GERARD PERRIER INDUSTRIE /SCHNEIDER ELECTRIC","FR","ST GENIS POUILLY",NA,NA,"GR2S94"
"CMP (CIRCUITS MULTI PROJETS)","FR","GRENOBLE",NA,NA,"CMP-01"
"ATELIER DE TOLERIE INDUSTRIELLE","FR","ST GENIS POUILLY",NA,NA,"ATEL17"
"OMEDEC","FR","AMANCEY",NA,"31166607700038","OMED01"
"SORELEC","FR","CESSON SEVIGNE CEDEX","96303413215","30341321500045","SORE02"
"MOBREY SA ( EX SOLARTRON MOBREY SA)","FR","CERGY",NA,NA,"MOBR01"
"RADIOSPARES COMPOSANTS","FR","BEAUVAIS CEDEX","68334534039","33453403900030","RADI91"
"ESIA","FR","VILLEJUST",NA,"43906122700088","ESIA02"
"RESISTEL S.A.","FR","BRIE COMTE ROBERT",NA,NA,"RSA-04"
"PARKER SSD PARVEX SAS","FR","GERARDMER",NA,NA,"PSP-01"
"BOIGE & VIGNAL S.A.","FR","VAULX EN VELIN",NA,"95450581400028","BOIG50"
"MINITUBES","FR","GRENOBLE CEDEX 2",NA,"42145405900047","MINI87"
"WORLDFIP","FR","MEUDON LA FORET CEDEX",NA,NA,"WORL03"
"SYSTEMS DEVELOPMENT & SOLUTIONS (SERVICE DEVELOPPEMENT SCIET","FR","SAINT-MAUR-DES-FOSSES","5433040704","45287056100035","SDS-01"
"COMETE S.A.","FR","VILLETTE D'ANTHON",NA,NA,"COME91"
"METAREG - GROUPE SIDERGIE","FR","ST.GENIS-POUILLY CEDEX",NA,NA,"META56"
"SPIE TRINDEL - ALBERT PELICHET","FR","ST GENIS POUILLY",NA,NA,"GR2S40"
"AMS ENTREPRISES","FR","ANNECY LE VIEUX",NA,NA,"AMS-50"
"SOTEB","FR","SEYNOD",NA,"33750525900024","SOTE20"
"SCHNEIDER ELECTRIC S.A.","FR","PRINGY",NA,"42110670900833","SCHN06"
"SPIE-TRINDEL - PHILIPS PROJECTS","FR","ST GENIS-POUILLY CEDEX",NA,NA,"GR2S15"
"STE TREDI","FR","PARIS CEDEX 13",NA,NA,"TRED50"
"EMC SERVICES ->VOIR TRED50","FR","LIOURDRES","88508819216","50881921600013","EMC-65"
"EMC SERVICES","FR","LIOURDRES","88508819216","50881921600013","EMC-65"
"GROUPE AIF","FR","GIERES",NA,NA,"AIF-50"
"RMA","FR","PARIS",NA,NA,"RMA-02"
"TRAITEUR LA RESIDENCE","FR","ST JULIEN EN GENEVOIS",NA,NA,"TRAI65"
"JOYCE PUB","FR","ANNEMASSE",NA,NA,"JOYC50"
"SECURITAS SICHERHEITSDIENSTE SARL","FR","THOIRY",NA,NA,"SECU06"
"SPIE-CITRA SUD EST/FR - ANTIRUST TECHNOLOGY/GR","FR","LYON CEDEX 03",NA,NA,"GR2T45"
"AMEC SPIE ( EX SPIE-TRINDEL)","FR","SAINT GENIS POUILLY CEDEX",NA,"44005586100304","SPIE31"
"EUROCOM BROADCAST","FR","ROISSY-EN-BRIE",NA,NA,"EUR-84"
"I.M.P. ALPES","FR","LA ROCHE SUR FORON",NA,NA,"IMP-01"
"FONDAMENTAL EXPO","FR","PARIS",NA,NA,"FOND13"
"ANATOME","FR","LYON",NA,NA,"ANAT02"
"IMBRETEX","FR","GUENGAT",NA,"32647892200023","IMBR01"
"ETS GUELPA","FR","OYONNAX",NA,NA,"GUEL60"
"IMPRIMERIE ROMANZIN(EX:IMPRIMERIE OFFSET FOURY (IOF))","FR","ST GENIS POUILLY",NA,"45118691000027","IOF-50"
"SOFT BROADCAST","FR","ANNECY",NA,NA,"SOF-26"
"ANDRE-PIERRE OLIVIER","FR","ALBI",NA,"40128121700026","APO-01"
"GILBERT ROBERTI","FR","ST GENIS POUILLY",NA,NA,"ROBE02"
"MADA ECHAFAUDAGE","FR","EPAGNY",NA,"38272674300018","MADA25"
"E.T.S  S.R.A","FR","CHAMBERY CEDEX",NA,NA,"ETSS01"
"VALLIER ASSAINISSEMENT","FR","GEX CEDEX",NA,"39127923900035","VALL12"
"LYNN SILVERMAN","FR","GEX",NA,NA,"SILV50"
"BDP-GROUPE 6","FR","GRENOBLE CEDEX 2",NA,NA,"GROU70"
"METALLERIE NOUVELLE DU CHABLAIS","FR","BONS EN CHABLAIS",NA,NA,"CHAB35"
"LEYMARIE GERARD SARL","FR","POISY",NA,NA,"LEYM01"
"CETIM - CENTRE TECHNIQUE DES INDUSTRIES MECANIQUES","FR","SENLIS",NA,"77562907400011","CETI50"
"CONSTELLIUM AVIATUBE","FR","MONTREUIL-JUIGNE",NA,"71203270500055","CONS33"
"ATMOSTAT","FR","VILLEJUIF CEDEX",NA,NA,"ATMO02"
"AERAULIQUE CONSTRUCTION SA","FR","CHEVIGNY-SAINT-SAUVEUR",NA,"30401222200010","AERA01"
"E-T-A APPAREILS ELECTRO-TECHNIQUES SARL","FR","VITRY SUR SEINE","66384063467","38406346700052","ELE241"
"OBO BETTERMANN","FR","CERGY PONTOISE CEDEX","1135373914","35373914700059","OBO-01"
"ELCASE","FR","PRINGY",NA,"42110670900833","SCHN06"
"METAL DEPLOYE S.A.","FR","MONTBARD CEDEX",NA,"44490277900016","META26"
"DELTA SERVICE LOCATION","FR","CORBAS","66 318 74","31874347300056","DSL-02"
"GOLF CLUB DES SERVES","FR","SAINT GENIS POUILLY",NA,NA,"GOLF01"
"LEVAGE DES DEUX SAVOIES (L2S)","FR","SAINT FELIX",NA,"49871894900023","LDDS01"
"CIRTEUS","FR","LA DEFENSE CEDEX 1",NA,NA,"CIRT02"
"GTM TP LYON","FR","BRON CEDEX",NA,NA,"GTM-05"
"SDEL CABLES & AUTOROUTES (FR) - GTM TP LYON (FR)","FR","ESTRABLIN",NA,NA,"GR2T87"
"EURL VISTALLI CHRISTIAN","FR","LANCRANS",NA,"42319101400012","VIST01"
"ATOS RACKS FRANCE","FR","CARROS CEDEX",NA,"35082778800018","ATOS50"
"BIANCO ET CIE (FR) - CASTEL & FROMAGET (FR)","FR","UGINE CEDEX",NA,NA,"GR2T90"
"ELVIA PCB","FR","COUTANCES CEDEX","54389502253","38950225300021","EPC-06"
"ELETTA INSTRUMENTATION","FR","CUSSET","56514786904","51478690400011","INS200"
"POTHAIN MOULAGES","FR","NONGLARD",NA,"32662078800041","POTH01"
"ACCELONIX","FR","EVREUX","11390721561","39072156100020","BSE-01"
"CCI EUROLAM","FR","ANTONY CEDEX","28321692907","49353904300015","CCI-01"
"B L I ALSACE","FR","RHINAU","2342883189","42883189500035","BLIA01"
"LAERDAL MEDICAL FRANCE","FR","LIMONEST CEDEX",NA,"95039491600015","LAER01"
"PGEP PROFESSIONAL GENERAL ELECTRONIC PRODUCT","FR","VERNON","82327919452","38172406100019","PPG-01"
"ICARE SA","FR","AUBAGNE CEDEX","7644160685","47848238300021","ICAR25"
"ECRIN AUTOMATISMES SA","FR","CROLLES",NA,"32984418700107","ECRI50"
"AVI ET PESCHARD - GROUPE DWBH","FR","CHATEAUBOURG CEDEX","80582142451",NA,"AVI-01"
"CORRYL","FR","VILLEBON SUR YVETTE",NA,NA,"CORR01"
"LOGITRADE","FR","TOULOUSE",NA,NA,"LOGI05"
"DATE DEVEL.ET APPLIC.DES TECHNIQ.DE L'ENERGIE","FR","LA MOTTE D'AVEILLANS",NA,"31472123400016","DATE10"
"DS DYNATEC","FR","MALAKOFF",NA,"62202939500051","DSDY50"
"CIAT - COMPAGNIE INDUSTRIELLE D'APPLICATIONS THERMIQUES","FR","CULOZ",NA,"54562011400011","CIAT50"
"AIR PRODUCTS SAS","FR","AUBERVILLIERS","6154850190","54850190700461","AIRP55"
"CANBERRA EURISYS (EX CANBERRA ELECTRONIQUE)","FR","ST QUENTIN YVELINES CEDEX",NA,"38444977300140","CANB02"
"IN2P3","FR","ANNECY LE VIEUX CEDEX","40180089013","18008903900010","INDE02"
"TEKELEC EUROPE","FR","RUNGIS",NA,NA,"TEKE75"
"SED (STE EXPLOITATION & DIVERSIFICATION)","FR","PARIS","0232878114","32878114100036","SED-02"
"AVNET EMG S.A./SILICA","FR","MASSY CEDEX",NA,"55207601000362","AVNE50"
"CONSTRUCTIONS MECANIQUES BERNARD (CMB)","FR","PONTCHARRA SUR BREDA",NA,NA,"CMB-25"
"DIMAT S.A.","FR","CLUSES CEDEX",NA,"32516657700123","DIMA25"
"ACAMAS ELECTRONIQUE","FR","LES CLAYES SOUS BOIS",NA,NA,"ACAM50"
"JARRET STRUCTURES","FR","ASNIERES CEDEX",NA,NA,"JARR01"
"SCMR FOURNITURES INDUSTRIELLES","FR","VILLEURBANNE CEDEX",NA,"95550545800021","SCMR50"
"EBV ELEKTRONIK","FR","ANTONY CEDEX (PARIS)",NA,NA,"EBV-50"
"SIMRAD OPTRONICS ICARE (ICARE SA)","FR","AUBAGNE CEDEX","7644160685","47848238300021","ICAR25"
"SCAIME S.A.","FR","ANNEMASSE CEDEX",NA,"38932528300015","SCAI80"
"COMBES SARL","FR","VILLEFRANCHE-SUR-SAONE",NA,NA,"COMB05"
"SAVOIE TRANSMISSIONS","FR","CHAVANOD",NA,"95039388400065","SAVO11"
"AMEC SPIE/FR, WINTER GMBH/DE","FR","SAINT GENIS POUILLY",NA,NA,"GR2S79"
"INEO TROIS LACS ( EX INEO ALPES SARL)","FR","SAINT GENIS POUILLY","18313987547","40986811400284","INEO01"
"SPIE SUD EST/FR, WINTER GMBH/DE","FR","SAINT GENIS POUILLY",NA,NA,"GR2S79"
"ETS GALLIA SARL","FR","CHATILLON EN MICHAILLE","3232726756",NA,"GALL78"
"AUSTRIA MIKRO SYSTEME INTERNATIONAL","FR","VINCENNES",NA,NA,"AUST05"
"SMC2","FR","MORNANT",NA,NA,"SMCD01"
"CONSORTIUM AMEC SPIE SUD EST/ CEGELEC/AMEC SPIE NETHERLAND","FR","SAINT GENIS POUILLY",NA,NA,"GR3S69"
"FERRY CAPITAIN","FR","JOINVILLE CEDEX",NA,NA,"FERR29"
"BASREP SARL","FR","SAINT GENIX SUR GUIERS",NA,NA,"BASR01"
"FILECA - FOPTICA SA","FR","STE GENEVIEVE",NA,"31877090600010","FILE50"
"CANBERRA FRANCE SAS(CANBERRA EURISYS SAS)","FR","ST QUENTIN YVELINES CEDEX",NA,"38444977300140","CANB02"
"OPTOPRIM","FR","MALAKOFF",NA,NA,"OPTO03"
"HURON GRAFFENSTADEN","FR","ILLKIRCH CEDEX",NA,"34076743300014","HURO50"
"OCE - FRANCE S.A.","FR","COURBEVOIE","8635027363",NA,"OCE-18"
"A.M.P.E.R.E. INDUSTRIE SA","FR","CERGY PONTOISE CEDEX",NA,"37820535500019","AMPE50"
"EUROTEST","FR","CHALON SUR SAONE",NA,NA,"EURO66"
"ORBOTECH S.A.","FR","LES ULIS CEDEX",NA,"39010675500015","ORBO02"
"TECHNETT","FR","VALENCIN",NA,"41058301700026","TEC-18"
"CEGELEC(FR), CISTELAIER(IT), SPIE-TRINDEL(FR)","FR","SAINT GENISPOUILLY",NA,NA,"GR3S18"
"ACROTECNA SA","FR","VILLEURBANNE",NA,"50015693000025","ACRO50"
"RONTGENALALYTIC-FRANCE","FR","BOURTH",NA,NA,"RONT02"
"ECM INFRAFOURS PHYSITHERM","FR","GRENOBLE CEDEX 2","15056502404","05650240400058","ECM-02"
"HYDROCHEM","FR","DONZERE","7340053646",NA,"HYDR08"
"COMAU FRANCE SA","FR","ILLKIRCH CEDEX",NA,NA,"COMA05"
"LEO MICROSCOPIE ELECTRONIQUE","FR","MARLY-LE-ROI","402277404000","71980166400165","LEO-01"
"CINTREUSES MINGORI","FR","JAULZY",NA,"43402036800024","CINT01"
"POLYSOUDE S.A.","FR","NANTES CEDEX",NA,"85880093100090","POLY98"
"CEGELEC(FR), CISTELAIER(IT), AMEC SPIE(FR)","FR","SAINT GENISPOUILLY",NA,NA,"GR3S18"
"AGILIUM SA   (EX PIERRIC BAYLE)","FR","CRAN GEVRIER",NA,"45144870800045","PIER06"
"MAXIMAGE ON LINE","FR","SAINT ETIENNE",NA,NA,"MOL-02"
"TEAM WORK","FR","PARIS",NA,NA,"TEAM05"
"HOLIDAY INN","FR","THOIRY",NA,NA,"HOLI02"
"PHOTLINE TECHNILOGIES","FR","BESANCON CEDEX 03","82432674117",NA,"TEC195"
"CAPGEMINI EST","FR","MONTBONNOT SAINT MARTIN",NA,NA,"CAPG02"
"ESRF (EUROPEAN SYNCHROTRON RADIATION FACILITY)","FR","GRENOBLE",NA,"33872391900019","ESRF01"
"HOTEL PRIEURE","FR","CHAMONIX MONT-BLANC",NA,NA,"HOTE82"
"GDZ NEGOCE","FR","SAINT DIDIER SUR CHALARONNE",NA,NA,"GDZ-02"
"CREDENCE FRANCE SAS","FR","GRENOBLE",NA,"32385907400037","CFS-02"
"LTX-CREDENCE(EX:CREDENCE FRANCE SAS)","FR","GRENOBLE",NA,"32385907400037","CFS-02"
"ALDIANCE ( EX DIMAT S.A.)","FR","CLUSES CEDEX",NA,"32516657700123","DIMA25"
"3D AVENIR SAS","FR","EVRY CEDEX",NA,"50220627900015","DAS-02"
"INEO ENERSYS (EX INEO TROIS LACS ( EX INEO ALPES SARL))","FR","SAINT GENIS POUILLY","18313987547","40986811400284","INEO01"
"INEO ENERSYS","FR","SAINT GENIS POUILLY","18313987547","40986811400284","INEO01"
"LABORATOIRE DE L'ACCELERATEUR LINEAIRE","FR","ORSAY CEDEX",NA,NA,"LABO26"
"FORGES DEMBIERMONT","FR","HAUTMONT",NA,"57202015400025","FORG04"
"CANBERRA FRANCE SAS","FR","ST QUENTIN YVELINES CEDEX",NA,"38444977300140","CANB02"
"HORIBA JOBIN YVON SAS","FR","LONGJUMEAU CEDEX",NA,"83715036600024","JOBI50"
"OPTOPHASE","FR","LYON",NA,"48852867000026","OPTO18"
"CEA SACLAY DSM/IRFU","FR","GIF SUR YVETTE",NA,NA,"CEA-01"
"SOFILEC","FR","VAUX EN BUGEY",NA,"37835872500018","SOFI07"
"LABORATOIRE DE L'ACCELERATEUR LINEAIRE (LAL)","FR","ORSAY CEDEX",NA,NA,"LABO23"
"SARL GESTION ET SERVICES","FR","ARCHAMPS",NA,"38014633200024","GEST01"
"STE FRANCAISE ASCENSEURS KONE","FR","PARIS LA DEFENSE CEDEX 13",NA,NA,"KONE50"
"CG2A - COMPAGNIE GENERALE D'APPLICATIONS ASCENSEURS","FR","MEYTHET",NA,"33308729400802","CGDE01"
"FENWICK-LINDE SRL","FR","CHAPONNAY",NA,NA,"FENW50"
"ASCENSEURS W. SANGALLI","FR","GRENOBLE CEDEX 2",NA,NA,"SANG10"
"CFA GROUPE W. SANGALLI (CIE FRANCAISE D'ASCENSEURS)","FR","GRENOBLE CEDEX 2",NA,NA,"SANG10"
"DELATTRE-LEVIVIER (FR) + BELLELI (IT)","FR","PONT EVEQUE",NA,NA,"GR2S11"
"OTIS","FR","CHAMBERY-BARBERAZ",NA,"40961307200043","OTIS50"
"SPIE TRINDEL - T & T TELEA TARDITO","FR","ST GENIS POUILLY",NA,NA,"GR2S51"
"COLAS","FR","PARIS",NA,NA,"COLA50"
"ENTREPRISE BUISSON-CHAPUY","FR","PERRIGNIER",NA,NA,"BUIS02"
"SOFILEC AMPERE","FR","BREGNIER CORDON","35378358725","B378358725","SOFI09"
"SERCO (FRANCE)","FR","SAINT GENIS POUILLY",NA,"35405076700087","SERC05"
"CEA - COMMISSARIAT ENERGIE ATOMIQUE & ENERGIES ALTERNATIVES","FR","PARIS CEDEX 15",NA,NA,"CEA-20"
"DIAGRAM","FR","PARIS CEDEX 09","31432646552","35293687600072","DIAG02"
"BATTERIES GLOBAL SERVICES","FR","LANDIVISIAU","72510496664","51049666400010","BGS-05"
"EADS CASSIDIAN (FRANCE)","FR","ELANCOURT CEDEX","7942861039","34507608700237","EADS01"
"ROYNETTE JEAN-FRANCOIS","FR","FERNEY VOLTAIRE",NA,NA,"ROYN01"
"ENTREPRISE C. MONTESSUIT & FILS","FR","GAILLARD",NA,"79638030100021","MONT93"
"ENTREPRISE FAMY & CIE","FR","CHATILLON-MICHAILLE",NA,"76420021800015","FAMY50"
"AIR PRODUCTS","FR","AUBERVILLIERS","6154850190","54850190700461","AIRP55"
"EDF & KNIGHT PIESOLD","FR","LE BOURGET DU LAC CEDE",NA,NA,"GR2S02"
"SNLS","FR","ST ROMANS",NA,NA,"SNLS50"
"ENTREPRISE PELICHET ALBERT SA","FR","GEX",NA,"76420005100028","PELI50"
"GF GARCONNET FRERES","FR","ST NICOLAS D'ALIERMONT",NA,NA,"GARC50"
"JEUMONT INDUSTRIE","FR","JEUMONT CEDEX",NA,NA,"JEUM01"
"ADAREG S.A.","FR","HAUBOURDIN CEDEX",NA,NA,"ADAR50"
"LEYBOLD HERAEUS SOGEV SA","FR","BOURG LES VALENCE CEDEX",NA,"70202997600058","LEYB90"
"AMG (ATELIER MECANIQUE GENERALE)","FR","GROSSOEUVRE",NA,NA,"AMG-01"
"JACQUET","FR","SAINT PRIEST CEDEX",NA,NA,"JACQ37"
"ENERPAC","FR","MASSY CEDEX",NA,NA,"ENER30"
"BAUDIN CHATEAUNEUF","FR","CHATEAUNEUF SUR LOIRE",NA,NA,"BAUD85"
"AUBERT & DUVAL SA","FR","PARIS CEDEX 15",NA,NA,"AUBE50"
"GIROD SISA","FR","AIX LES BAINS CEDEX",NA,NA,"GIRO02"
"SRC FLORIOT S.A.","FR","BOURG EN BRESSE CEDEX",NA,NA,"SRC-02"
"L.E.E.I.","FR","TOULOUSE",NA,NA,"LEEI01"
"KANTHAL SA","FR","COLOMBES",NA,NA,"KANT01"
"LUCIEN FERRAZ & CIE","FR","ST BONNET DE MURE",NA,NA,"FERR14"
"HAMON INDUSTRIE THERMIQUE","FR","LEVALLOIS PERRET",NA,NA,"HAMO50"
"ERICO","FR","ANDREZIEUX BOUTHEON",NA,"45084732200028","ERIC12"
"CETIM CENTRE TECHNIQUE DES INDUSTRIES MECANIQUES","FR","SENLIS",NA,"77562907400011","CETI50"
"SILISOL S.A.","FR","ST ETIENNE CEDEX 02",NA,NA,"SILI02"
"DEDIENNE","FR","CLAMART","66775723083","77572308300041","DEDI01"
"MESSER FRANCE SA","FR","SURESNES CEDEX",NA,"30056058800398","MESS03"
"S.E.P.(STE EUROP. DE PROPULSION)","FR","VERNON",NA,NA,"SEP-50"
"ETS BOURDON SEDEME","FR","VENDOME",NA,NA,"BOUR25"
"AUXITROL INDUSTRIES","FR","LYON",NA,NA,"AUXI55"
"PECHINEY - RHENALU","FR","MONTREUIL JUIGNE",NA,NA,"PECH45"
"REGULIER SA","FR","DIJON CEDEX",NA,NA,"REGU53"
"ETS RONFARD S.A.","FR","LYON",NA,NA,"RONF50"
"EFFA","FR","ASNIERES SUR SEINE",NA,NA,"EFFA50"
"MARCONI SA (INSTRUMENTS & ELECTRONICS DEVICES)","FR","EVRY",NA,NA,"MARC48"
"S.I.C.N.","FR","VEUREY VOROIZE CEDEX",NA,NA,"SICN50"
"ETS BUISIN","FR","VAUX EN BUGEY",NA,NA,"BUIS01"
"SADE - CIE GEN. DE TRAVAUX D'HYDRAULIQUE","FR","GENAS CEDEX",NA,NA,"SADE02"
"UGINE SA","FR","PARIS LA DEFENSE CEDEX",NA,NA,"UGIN55"
"LINDE GAZ INDUSTRIELS SARL","FR","ST PRIEST CEDEX",NA,"39263124800201","LIND40"
"UDD-FIM","FR","DELLE CEDEX",NA,NA,"UDDF50"
"TECPHY S.A.","FR","CLERMONT-FERRAND CEDEX 1",NA,NA,"TECP01"
"S.E.E.E. APPLICATIONS MILITAIRES","FR","MALAKOFF",NA,NA,"SEEE50"
"LYDALL","FR","MELRAND",NA,NA,"LYDA01"
"CIRTEM","FR","STE FOY D'AIGREFEUILLE",NA,NA,"CIRT01"
"PERCEPTEUR DE GEX","FR","GEX",NA,NA,"GEX-50"
"DELATTRE LEVIVIER ""W""","FR","BRIGNOUD CEDEX 107",NA,NA,"DELA50"
"P. JACQUET - B. DUPONT S.C.P.","FR","SAINT JULIEN-EN-GENEVOIS",NA,NA,"JACQ40"
"AIR PRODUCTS - THOMSON CSF","FR","ST GENIS POUILLY",NA,NA,"GR2S01"
"ENTREPRISE DE JARDINS BRUNET","FR","ST JULIEN EN GENEVOIS",NA,NA,"BRUN81"
"COSSEC - WATERMANN INTERNATIONAL","FR","PARIS CEDEX 12",NA,NA,"GR2S17"
"COFRATHERM S.A.","FR","ANNECY",NA,NA,"COFR01"
"CI+E CIRCUITS IMPRIMES + ELECTRONIQUES SA","FR","MONTAGNY",NA,NA,"CIE-50"
"DEVELOPPEMENT INVESTISSEMENTS SERVICES (DIS)","FR","PARIS",NA,NA,"DIS-01"
"GEC ALSTHOM ->ALST88","FR","ORLEANS CEDEX 1",NA,NA,"GEC-05"
"CREUSOT-LOIRE INDUSTRIE","FR","RIVE DE GIER",NA,NA,"CREU50"
"XB INDUSTRIE S.A.","FR","LES CLAYES SOUS BOIS",NA,NA,"XB--01"
"MULLER SA","FR","GRIMAUD",NA,"44846467700013","MULL12"
"ENTREPRISE DESBIOLLES","FR","GEX CEDEX",NA,NA,"DESB50"
"SERV'INSTRUMENTATION","FR","IRIGNY",NA,"33850496200030","SERV05"
"ROCHLING ENGINEERING SARL / PERMALI","FR","DECINES CEDEX",NA,"43391668100011","ROCH02"
"CFP","FR","COLOMBES",NA,"30688128500028","CFP-50"
"S.T.M.B.A.","FR","COLLONGES",NA,"48023357600028","STMB50"
"DMV STAINLESS FRANCE S.A.","FR","MONTBARD",NA,NA,"DMV-02"
"ATI ELECTRONIQUE (L'ALLIANCE TECHNIQUE INDUSTRIELLE)","FR","EVRY CEDEX",NA,NA,"ATI-01"
"CONTROL A.J.C. INTERNATIONAL (E.U.R.L)","FR","MARANGE SILVANGE",NA,NA,"CONT67"
"P. HILAIRE","FR","VERSAILLES",NA,NA,"HILA02"
"ACMF ATELIER DE CONSTRUCTION METALLIQUES DE FONTAINE","FR","SASSENAGE",NA,NA,"ACMF01"
"INBC SYSTEMES","FR","LYON",NA,NA,"INBC01"
"ELECTRONIC & TECHNOLOGY","FR","IGNY",NA,NA,"ELEC87"
"GTS FRANCE","FR","VILLEBON-SUR-YVETTE","01324906023","32490602300019","GTS-50"
"SETAT S.A.R.L.","FR","GRENOBLE",NA,NA,"SETA30"
"FORWARD TECHNOLOGY INDUSTRIES SA (FTI) MECASONIC","FR","JUVIGNY",NA,NA,"FORW01"
"DRUCK SARL","FR","AOSTE",NA,NA,"DRUC50"
"DUHAMEL SA","FR","DOMENE",NA,NA,"DUHA01"
"SOCIETE H.P.E.","FR","ECHIROLLES",NA,NA,"HPE-50"
"ARC INFORMATIQUE","FR","SEVRES",NA,"32069535600057","ARC-12"
"EREO (ETUDES ET REALISATIONS ELECTRONIQUES ET OPTIQUES)","FR","ST GENIS POUILLY",NA,"39174628600023","EREO01"
"DDE DIRECTION DEPARTEMENTALE DE L'EQUIPEMENT","FR","VIRIAT",NA,NA,"DIRE04"
"AQUITAINE CAOUTCHOUC SA","FR","THENON",NA,NA,"AQUI02"
"MSRA-MATERIEL SPECIAL REGULATIONS AUTOMATISMES","FR","DRANCY",NA,NA,"MSRA01"
"STE TECHN.D'ACCESSOIRES SPECIALISES (STAS)","FR","SARTROUVILLE",NA,NA,"STAS50"
"SOBECA SA","FR","ANSE",NA,NA,"SOBE50"
"TRESOR PUBLIC","FR","BOURG-EN-BRESSE",NA,"38291163400014","TRES50"
"PASCAL MEYLAN - MARTIAL ARMINJON - RICHARD PELLIER","FR","FERNEY VOLTAIRE CEDEX",NA,NA,"MEYL01"
"EDF - KNIGHT PIESOLD","FR","LE BOURGET DU LAC CEDE",NA,NA,"GR2S02"
"S.P.G.","FR","MONTREUIL-SOUS-BOIS",NA,NA,"SPG-50"
"VISHAY SA","FR","MALAKOFF CEDEX",NA,NA,"VISH50"
"SOTEP","FR","ISSOUDUN",NA,NA,"SOTE01"
"ALOXEL","FR","SAUGUES",NA,NA,"ALOX01"
"ONF - OFFICE NATIONAL DES FORETS","FR","PARIS CEDEX 12",NA,"66204311600018","ONF-50"
"CELES","FR","LAUTENBACH",NA,NA,"CELE01"
"P.M.B METACERAM TECHNOLOGIES","FR","PEYNIER",NA,"41933220000031","META06"
"TREDI -> VOIR TRED50","FR","LOYETTES",NA,NA,"TRED01"
"MARC FAVRE ENTREPRISE D'ELECTRICITE GENERALE SA","FR","VALLEIRY",NA,NA,"FAVR37"
"VISTALLI CHRISTIAN","FR","LANCRANS",NA,"42319101400012","VIST01"
"NORTON DESMARQUEST S.A.","FR","EVREUX CEDEX",NA,NA,"DESM25"
"D S M","FR","VILLEURBANNE CEDEX",NA,NA,"DSM-01"
"MANUTAN SA","FR","GONESSE CEDEX",NA,"66204984000082","MANU37"
"SOCIETE DES CERAMIQUES TECHNIQUES (SCT) USF (US FILTER COMP)","FR","BAZET CEDEX",NA,"43394048300012","SCT-75"
"TRIMICRON","FR","GAILLARD",NA,NA,"TRIM03"
"ARMELEC","FR","LA COQUILLE",NA,NA,"ARME02"
"E.B.A. (ELECTRONIQUE BOBINAGE D'AQUITAINE)","FR","SAINT-MEDARD-D'EYRANS",NA,NA,"EBA-01"
"ETS REXEL ISNARD","FR","ST GENIS POUILLY",NA,"30930461604250","ISNA50"
"SOLARTRON FRANCE","FR","MASSY CEDEX",NA,NA,"SOLA01"
"SCHROFF SARL","FR","BETSCHDORF",NA,"31685455300013","SCHR87"
"AQUAZUR S.A.","FR","WASQUEHAL CEDEX",NA,NA,"AQUA02"
"MOC SARL","FR","CHAVIGNON",NA,NA,"MOC-50"
"EZUS LYON","FR","VILLEURBANNE CEDEX",NA,NA,"EZUS01"
"ALSTOM ENERGIE SA - JEUMONT INDUSTRIE","FR","BELFORT CEDEX",NA,NA,"GR2S31"
"ALSTOM INDUSTRIE - JEUMONT INDUSTRIE","FR","BELFORT CEDEX",NA,NA,"GR2S31"
"TECPHY S.A. (GROUPE H.T.M.)","FR","CLERMONT-FERRAND CEDEX 1",NA,NA,"TECP01"
"ALSTOM MAGNETS & SUPERCONDUCTORS SA - JEUMONT INDUSTRIE","FR","BELFORT CEDEX",NA,NA,"GR2S31"
"PRAXAIR S.A.","FR","RUNGIS CEDEX",NA,"34087834700079","PRAX35"
"MEGGER SA","FR","LE RAINCY",NA,"67820050200022","MEGG01"
"DUCRET GROS","FR","ST GENIS POUILLY",NA,NA,"DUCR15"
"TEKELEC-AIRTRONIC SA","FR","RUNGIS",NA,NA,"TEKE75"
"BENIERE PERRIN","FR","LORETTE",NA,NA,"PERR13"
"EFFA ETUDES S.A.","FR","ASNIERES SUR SEINE",NA,NA,"EFFA50"
"UNITECHNIC SARL","FR","EVRY CEDEX",NA,NA,"UNIT63"
"NEYCO","FR","VANVES","542032255","NANTERRE 542032255","NEYC01"
"PREF'AUB EQUIPEMENT","FR","LAVAU CEDEX",NA,NA,"PREF50"
"LEYBOLD SA","FR","BOURG LES VALENCE CEDEX",NA,"70202997600058","LEYB90"
"TRANSRACK SA","FR","BONNEUIL SUR MARNE",NA,NA,"TRAN75"
"AOIP INSTRUMENTATION","FR","ORANGIS",NA,NA,"AOIP50"
"TECHNIFOR","FR","MIRIBEL CEDEX",NA,NA,"TEC-12"
"ELECTRICITE DE FRANCE","FR","ANNECY CEDEX",NA,"55208131751508","EDF-50"
"AMTECH","FR","DARDILLY",NA,NA,"AMTE01"
"PXL INDUSTRIES","FR","BELLEGARDE-SUR-VALSERINE","65394957278","39495727800036","PXL-01"
"ORBITAL SARL","FR","VONNAS",NA,"33959324600038","ORBI82"
"SONEPAR ELECTRONIQUE FRANCE","FR","MEYLAN",NA,NA,"SONE01"
"SMPI (SOUDURE MECANIQUE DE PRECISION INDUSTRIELLE)","FR","ST NAZAIRE EN ROYANS",NA,NA,"SMPI01"
"CMD TRANSMISSIONS","FR","VELIZY VILLACOUBLAY CEDEX",NA,NA,"CMD-02"
"IDEX ENERGIE ALPES","FR","ANNECY",NA,"30024372200091","IDEX02"
"ECW","FR","BIEVRES",NA,NA,"ECW-01"
"ROBERT MARIE CAMILLE DESMURE","FR","LYON",NA,NA,"DESM02"
"CHRISTIAN DUBOIS","FR","GHISONI",NA,NA,"DUBO04"
"MONIQUE JEANNE ROBERTE DUBOIS","FR","MARSEILLE",NA,NA,"DUBO05"
"ODILE MARIE PAULETTE BIANCONI","FR","NICE",NA,NA,"BIAN02"
"PAUL ALAIN DUFAY","FR","SAVIGNY",NA,NA,"DUFA02"
"MONIQUE FANNY HENRIETTE RIGOT","FR","BRINDAS",NA,NA,"RIGO02"
"MICHEL CAMILLE GASTON DUFAY","FR","GREZIEU LA VARENNE",NA,NA,"DUFA01"
"TECHCI RHONE-ALPES (Groupe COFIDUR)","FR","ST GENIX SUR GUIERS",NA,"39090954700015","TECH10"
"SIMMINI MARIO SARL","FR","PREGNIN-ST GENIS-POUILLY",NA,"41955216100012","SIMM02"
"PAYSAGE CONCEPT - TUNNEL SERVICE LTD - ONET PROPRETE","FR","ST JULIEN CEDEX",NA,NA,"GR3S17"
"SENIOR FLEXONICS CALORSTAT SA","FR","DOURDAN CEDEX",NA,"34768502600010","SENI01"
"SIEBERT FRANCE SARL","FR","SARREGUEMINES CEDEX",NA,NA,"SIEB02"
"CARLIER S.A.","FR","TORCY",NA,"57200717700023","CARL01"
"BOCCARD S.A.","FR","VILLEURBANNE",NA,NA,"BOCC01"
"CONSTRUCTIONS METALLIQUES DU LEMAN & CIE","FR","ST JULIEN EN GENEVOIS",NA,NA,"CONS11"
"THERMOCOAX SAS","FR","ATHIS DE L ORNE",NA,"32345992500026","THER71"
"MKS INSTRUMENTS FRANCE SA","FR","LE BOURGET CEDEX",NA,NA,"MKS-50"
"S.T.P.S.","FR","GEX CEDEX",NA,"76920011400015","STPS50"
"SOGEI","FR","EVRY LISSES",NA,NA,"SOGE07"
"NALCO FRANCE S.A.S.","FR","WASQUEHAL CEDEX",NA,"41494668100023","NALC01"
"EMATION","FR","BRON",NA,NA,"EMAT01"
"SNCE (SOCIETE NOUVELLE DE CONDENSATEURS ELECTROCHIMIQUES)","FR","BERTHEVIN CEDEX",NA,NA,"SNCE01"
"STE NOUVELLE LISSE","FR","LOUVROIL",NA,NA,"LISS01"
"NORCAN","FR","HAGUENAU CEDEX",NA,"47968551300018","NORC45"
"INSTITUT DE SOUDURE (IS)","FR","ROISSY CH. DE GAULLE CEDEX",NA,NA,"INST75"
"DIVISION TREUILS SPECIAUX HUCHEZ","FR","NEUILLY PLAISANCE",NA,NA,"HUCH01"
"CLM INDUSTRIE SA","FR","CHEVIGNY ST SAUVEUR CEDEX",NA,NA,"CLM-02"
"AMV(ATELIER MECANIQUE VERNOUILLET)","FR","VERNOUILLET",NA,NA,"AMV-50"
"CIRLY","FR","BRIGNAIS","11318354420","31835442000032","CIRL01"
"OLDHAM FRANCE SA","FR","ARRAS CEDEX",NA,"43395337900024","OLDH50"
"DSD DILLINGER STAHLBAU GMBH/AIR ET CHALEUR/SPIE-TRINDEL","FR","ST GENIS POUILLY",NA,NA,"GR3S34"
"MICRO-CONTROLE","FR","EVRY CEDEX 91","15382697399","38269739900071","MICR25"
"DELTA COMMUNICATIONS","FR","BRON",NA,NA,"DELT11"
"AVNET EMG S.A.","FR","MASSY CEDEX",NA,"55207601000362","AVNE50"
"DEF","FR","MASSY CEDEX",NA,NA,"DEF-50"
"CAD CAM TECHNOLOGIE","FR","MEYTHET",NA,NA,"CCT-01"
"QUENTIN LEVAGE","FR","LORETTE",NA,NA,"QUEN02"
"IONISOS","FR","DAGNEUX","13393373865","39337386500020","IONI40"
"FERRAZ SHAWMUT","FR","ST BONNET DE MURE",NA,NA,"FERR14"
"SPIE-TRINDEL/FR + MELOTTE INSTALLATIETECHNIEK B.V/NL","FR","ST GENIS POUILLY",NA,NA,"GR2S98"
"SPIE-TRINDEL/FR, WINTER GMBH/DE","FR","SAINT GENIS POUILLY",NA,NA,"GR2S79"
"SPIE-TRINDEL/TYCO INTEGRATED SYSTEMS/NL","FR","ST GENIS POUILLY CEDEX",NA,NA,"GR2S93"
"ARAVIS LEVAGE","FR","CRUSEILLES",NA,NA,"ARAV01"
"ZIGLIOTTO GROUPE METAREG","FR","ST.GENIS-POUILLY CEDEX",NA,NA,"META56"
"FRANCE DECOUPE","FR","GILLY S/ISERE",NA,NA,"FRAN35"
"EURL VISTALLI CHRISTIAN ( EX VISTALLI CHRISTIAN)","FR","LANCRANS",NA,"42319101400012","VIST01"
"MILOCO","FR","GLOMEL",NA,NA,"MILO01"
"RIBAT SARL","FR","MEYTHET CEDEX",NA,"57200205300237","RIBA50"
"BUISIN SA","FR","VAUX EN BUGEY",NA,NA,"BUIS01"
"SOPRANO","FR","VAULX MILIEU",NA,NA,"SOPR04"
"ETABLISSEMENTS NABAFFA SA","FR","SAINT JEAN DE GONVILLE",NA,NA,"NABA50"
"METAREG GROUPE SIDERGIE/CIRCAST ELECTRONICS/GDS PCB DESIGN","FR","ST GENIS POUILLY",NA,NA,"GR3S16"
"GROUPE SITEL","FR","PRINGY CEDEX",NA,NA,"GROU08"
"MATRANS CONCEPT","FR","FRONTONAS",NA,NA,"MATR11"
"DH BUDENBERG","FR","AUBERVILLIERS CEDEX",NA,NA,"DH--01"
"HYDROPNEU TECHNOLOGIE","FR","LOGNES",NA,NA,"HYDR40"
"THEVENET + CLERJOUNIE","FR","CHAPONNAY",NA,"38924780000037","THEV50"
"SGS QUALITEST (GROUPE SGS FRANCE)","FR","ORSAY",NA,"41008167300015","QUAL50"
"NEXANS FRANCE","FR","IVRY-LA-BATAILLE",NA,NA,"NEXA03"
"ECS INTERNATIONAL (ELECTRO CHEMICAL SERVICES)","FR","SAINT-GENIS-POUILLY",NA,"41009778600025","ECS-02"
"OREM & ASTRE","FR","VILLEURBANNE",NA,NA,"OREM01"
"MECABELEC SARL","FR","VULBENS",NA,NA,"MECA37"
"COMPAGNIE DEUTSCH","FR","RUEIL MALMAISON",NA,NA,"DEUT25"
"ATIC ASSOCIATION TUNNEL D'INJECTION CERN","FR","PREVESSIN-MOENS",NA,NA,"ATIC02"
"CHANTIERS MODERNES","FR","BRON CEDEX",NA,NA,"CHAN03"
"AUBERT  DUVAL SA","FR","PARIS CEDEX 15",NA,NA,"AUBE50"
"SETIC S.A.S.","FR","ROANNE",NA,"34263557000027","SSAS01"
"SGS QUALITEST, SGS GOTTFELD, LOGITEST, AMEC SPIE","FR","ORSAY",NA,NA,"GR4S01"
"CIRCUITS IMPRIMES VOREYZIENS (CIV-CIRA)","FR","VOREY-SUR-ARZON",NA,NA,"CIV-01"
"PM INSTRUMENTATION","FR","ORGEVAL",NA,NA,"PM--01"
"MII (MICRO-INFORMATIQUE POUR L'INDUSTRIE)","FR","CERGY PONTOISE CEDEX",NA,NA,"MII-01"
"FCI FRAMATOME CONNECTORS INTERNATIONAL","FR","PARIS LA DEFENSE CEDEX",NA,NA,"FCI-01"
"SM2I (STE DE MESURE INDUSTR. INFORMATISEE)","FR","DIVONNE LES BAINS",NA,NA,"SMDE50"
"PATRICK DUPUY","FR","THUSY",NA,"40083152500029","DUPU02"
"LGE (LOGISTIQUE GLOBALE EUROPEENNE)","FR","BELFORT",NA,NA,"LLG-01"
"OMERIN SA","FR","AMBERT",NA,NA,"OMER02"
"FIV - FOURNITURES INDUSTRIELLES VALSERINE SA","FR","BELLEGARDE/VALSERINE",NA,NA,"FIV-50"
"AMPHENOL SOCAPEX","FR","COURBEVOIE CEDEX",NA,NA,"AMPH75"
"EUROFARAD","FR","PARIS CEDEX 11",NA,"65204178100012","EURO50"
"INTERVECT FRANCE S.A.S.","FR","NEUILLY EN THELLE",NA,NA,"INT-56"
"FAMY SARL","FR","CHATILLON-MICHAILLE",NA,"76420021800015","FAMY50"
"MANUSTRA  SAS","FR","TALUYERS",NA,NA,"MANU09"
"FENZY & CIE","FR","ROISSY CDG CEDEX",NA,NA,"FENZ50"
"ILOG DIRECT","FR","GENTILLY CEDEX",NA,NA,"ILOG01"
"ENDEL (EX DELATTRE  LEVIVIER)","FR","COLOMBES CEDEX",NA,NA,"ENDE04"
"KUSTOM INGENIEUR","FR","GIERES","12333883312",NA,"KUST01"
"SOTEB NATIONAL ELEKTRO (EX SOTEB)","FR","SEYNOD",NA,"33750525900024","SOTE20"
"FARGAMEL","FR","PESSAC","473204691","47320469100033","FARG35"
"MONTALEV LEVAGE (EX ENTREPOSE MONTALEV LEVAGE","FR","MEYZIEU",NA,NA,"MONT54"
"OUVAROFF","FR","SAINT MAURICE L'EXIL CEDEX",NA,"63368052500019","OUVA01"
"AK INDUSTRIES","FR","DINSHEIM",NA,NA,"AK--01"
"SADEV","FR","SEYNOD CEDEX",NA,"35160194300027","SADE25"
"AMEC SPIE COMMUNICAT/FR + MELOTTE INSTALLATIETECHNIEK B.V/NL","FR","ST GENIS POUILLY",NA,NA,"GR2S98"
"CIRTEM/E.E.I","FR","LABEGE CEDEX",NA,NA,"GR2T36"
"AIR LIQUIDE DTA/FR - 40-30/FR - LAMERS/NL","FR","SASSENAGE","81552096281",NA,"GR3S54"
"CONSORTIUM SETIS (LEADER), INTROTECH BV, MAP GEOMATIQUE","FR","GRENOBLE",NA,NA,"GR3S58"
"RHONE-INOX INDUSTRIE","FR","VAULX EN VELIN",NA,NA,"RHON58"
"FUTURE ELECTRONICS","FR","BRON CEDEX",NA,"39866156100066","FUTU01"
"AXE MECA","FR","ARGENCES",NA,NA,"AXE-01"
"APLAST (SARL)","FR","LA BIOLLE",NA,NA,"APLA01"
"PROTEM","FR","ETOILE SUR RHONE",NA,"33304671200027","PROT74"
"FRANCE MANUTENTION SERVICE (FMS)","FR","SAINT PIERRE DE CHANDIEU",NA,NA,"FRAN12"
"Z.T.C.I. (ZIGLIOTTO )","FR","SAINT GENIS POUILLY CEDEX",NA,NA,"ZIGL50"
"IVALDI","FR","EVREUX",NA,"30838797600043","IVAL01"
"ERICABLE S.A.R.L.","FR","SAINT CYPRIEN","5043838931",NA,"ERIC04"
"SOCIETE  DAMAC","FR","MEYLAN CEDEX",NA,"30084811600020","SOCI05"
"TECHNICAIR","FR","LA GARENNE COLOMBES","47 692 051","692 051 394 00033","TECH30"
"GERLAND SAVOIE LEMAN","FR","AMANCY",NA,NA,"GSL-01"
"ET SYSTEM ELECTRONIC","FR","L'ISLE D'ABEAU",NA,NA,"ELE-41"
"EXO INTERNATIONAL","FR","TERNAY","56392137","392 137 097 00029","INT-58"
"FARNELL IN ONE","FR","LIMONEST CEDEX",NA,"388 245 029 00086","FARN45"
"THITEC","FR","BEAUNE",NA,NA,"THIT01"
"COGIX","FR","ORANGE CEDEX",NA,NA,"COGI02"
"LASER 2000","FR","ST NOM LA BRETECHE",NA,"38165059700028","LASE08"
"PERI SAS","FR","NIVOLAS VERMELLE",NA,NA,"PERI08"
"I.L.S. INDUSTRIAL LASER SYSTEMS S.A.R.L","FR","VANVES","19449067271","44906727100014","ILSI01"
"HLP TECHNOLOGIE","FR","COLOMBES",NA,NA,"HLP-01"
"E.C. MAYET","FR","SAINT-PRIEST","06314816505","31481650500023","ECM-05"
"FRANCAISE D'INSTRUMENTATION DISTRAME SA","FR","SAINTE SAVINE","03380194019","38019401900077","FRAN50"
"TECHMETA SA","FR","METZ TESSY",NA,"40757041500015","TECH26"
"RANNARD FRERES","FR","CHENE EN SEMINE",NA,"38514679000014","RANN01"
"EURODIFROID","FR","SEICHES SUR LE LOIR",NA,"34940783300046","EUR-46"
"APPIA GERLAND SAVOIE-LEMAN","FR","BELLEGARDE",NA,NA,"GERL50"
"EMERSON PROCESS MANAGEMENT","FR","BRON CEDEX",NA,NA,"EMER45"
"R&C REYNAUD CAUVIN YVOSE","FR","LOUHANS",NA,NA,"RCRC01"
"ROMER SARL","FR","MONTOIRE SUR LE LOIR",NA,NA,"ROME01"
"ECOLE SUPERIEURE D'ELECTRICITE","FR","GIF-SUR-YVETTE",NA,"78539319000026","ECOL60"
"ASSYTEM SERVICE INDUSTRIE SASFR + GENITRON INSTRUMENTS DE","FR","ST QUENTIN EN YVELINES CEDEX",NA,NA,"GR2T40"
"CENTRE ELECTRONIQUE DE LAVAL","FR","LAVAL",NA,NA,"ELE-69"
"INEO-ENDEL-GTI","FR","ST GENIS POUILLY",NA,NA,"GR3S59"
"GROUPEMENT  CEGELEC","FR","ST GENIS POUILLY",NA,NA,"GR9S01"
"RS CONCEPT","FR","MONTMIN","82478554059",NA,"RS--08"
"SORNIN INDUSTRIES","FR","RIOM CEDEX",NA,NA,"SORN02"
"COMMUNE DE CESSY","FR","CESSY",NA,"21580048300012","COMM21"
"STAINLESS","FR","DANNEMARIE-SUR-CRETE",NA,"43443598800028","STAI50"
"WITZENMANN FRANCE SARL (EX TECNIFLEX - WITZENMANN)","FR","ST OUEN CEDEX",NA,NA,"TECN25"
"SDMS  ( EX  SDMS SOCIETE DAUPHINOISE MECANO-SOUDAGE)","FR","ST ROMANS",NA,"50874814200025","SDMS50"
"LOXAM","FR","SAINT-GENIS POUILLY",NA,"45077696801344","LOXA01"
"APPIA  SAVOIE-LEMAN","FR","BELLEGARDE",NA,NA,"GERL50"
"S.N.E.R.","FR","GAILLON",NA,NA,"SNER50"
"KIPP & ZONEN SARL","FR","LE PLESSIS TREVISE",NA,NA,"KIPP01"
"QUALITY SOURCE","FR","GUYANCOURT","80399432863","43950340000020","QUAL11"
"FOR PRO TECH (F.P.T.)","FR","BESANCON CEDEX",NA,NA,"FOR-01"
"MILLET PAYSAGE ENVIRONNEMENT SA","FR","DRUMETTAZ",NA,"31025784500019","MPE-03"
"NETTORAMA","FR","CLUSES",NA,NA,"NETT03"
"PARIS NORD ELECTRONIQUE","FR","SAINT MARTIN LE VINOUX",NA,NA,"ELE165"
"RLB DISTRIBUTION","FR","MARSEILLE",NA,NA,"RLB-01"
"ALTEAD /CIRCAST ELECTRONICS/GDS PCB DESIGN","FR","ST GENIS POUILLY",NA,NA,"GR3S16"
"DMD EUROFLUIDES SA","FR","MARNAZ","16520004359","52000435900011","DMD-50"
"JRTI","FR","TREVOUX",NA,NA,"JRTI01"
"THERMO-EST","FR","MAIZIERES LES METZ CEDEX",NA,"78826442200031","THER70"
"PHILIPPE MARTI","FR","CHARBONNIERES",NA,NA,"PHIL09"
"RAVANAT","FR","VEUREY-VOROIZE",NA,"31785419800015","RAVA02"
"DUTREIVE SA","FR","ANNEMASSE",NA,NA,"DUTR01"
"MELLES GRIOT INDUSTRIE SARL","FR","VOISINS LE BRETONNEUX",NA,"33841683700056","MELL62"
"MENUISERIE METALLIQUE","FR","FONTANIL CORNILLON",NA,NA,"MENU04"
"AXXAIR","FR","ETOILE-SUR-RHONE","13414581363","41458136300028","AXXA01"
"AA MATECH","FR","ORSAY CEDEX",NA,"31679026000053","MATE05"
"PYLON S.A.R.L.","FR","ORNEX",NA,NA,"PYLO02"
"DICONEX","FR","ANDILLY",NA,"32030344900039","DICO01"
"HPC ENGRENAGES","FR","DARDILLY",NA,"38291190700030","HPC-01"
"GONZALES FRERES S.A.","FR","ESTRABLIN",NA,"32307661200015","GONZ01"
"SIB (SOLS INDUSTRIEL BORDAS)","FR","TERNAY",NA,NA,"SSI-04"
"AXOM","FR","SAINT MAUR",NA,"34744260000024","AXOM01"
"SESO (SOCIETE EUROPEENNE DE SYSTEMES OPTIQUES)","FR","AIX EN PROVENCE CEDEX 3","314 924 796",NA,"SESO50"
"CDJM","FR","THYEZ",NA,NA,"CDJM01"
"SEPT","FR","PARIS","56682035662",NA,"SEPT01"
"CONSORTIUM DESAUTEL-CEGELEC","FR","MONTLUEL CEDEX",NA,NA,"GR2T54"
"INSTITUT SCIENTIFIQUE EUROPEEN (ESI)","FR","ARCHAMPS",NA,NA,"ESI-50"
"CEGELEC/FR-AMEC SPIE/FR-ALSTOM CONTRACTING/NL","FR","ST GENIS POUILLY",NA,NA,"GR3S29"
"CEGELEC CENTRE EST(FR) CEGELEC B.V. (NL) SEMER (FR)","FR","ST GENIS POUILLY",NA,NA,"GR3S61"
"SOTEB NATIONAL ELEKTRO/SCHNEIDER ELECTRIC FRANCE","FR","ST GENIS POUILLY",NA,NA,"GR2S94"
"CLASSIC COMPOSANTS","FR","ROISSY  CDG CEDEX",NA,NA,"CC--01"
"FRIATEC DPL S.A.","FR","NEMOURS CEDEX","53907350656","90735065600035","FRIA51"
"GTM CONSTRUCTION","FR","CRAN GEVRIER",NA,"39902217700360","GTM-01"
"ESIC","FR","CLUSES",NA,NA,"ESIC01"
"GROUPE CIRE","FR","BELLEGARDE",NA,"41290477300048","GROU11"
"COFIDUR","FR","NOGENT SUR MARNE",NA,"68203838500048","COFI02"
"ASSYSTEM FRANCE (EX ASSYSTEM SERVICES INDUSTRIE)","FR","SAINT GENIS POUILLY",NA,"44415916400151","ASI-01"
"LUGAND ACIERS","FR","OYONNAX CEDEX",NA,"45193251100012","LUGA01"
"CALIBRATION ONLINE","FR","BAILLARGUES",NA,NA,"CALI05"
"FOSELEV AGINTIS","FR","VENISSIEUX CEDEX",NA,NA,"AGIN01"
"JEAN BALUFIN S.A.","FR","MONTLUEL",NA,NA,"BALU01"
"PAGEL SA","FR","POISSY",NA,NA,"PAGE03"
"DAVUM-TMC","FR","STAINS",NA,"32178440700025","DAVU01"
"FORMANHYDRO","FR","CRECHES SUR SAONE",NA,"35158649000028","FORM40"
"SIGNAUX GIROD","FR","MOREZ CEDEX",NA,"44313795500011","GIRO62"
"SRATI","FR","MELUN",NA,"78695021200039","SRAT01"
"HEITZ/FLEX-EQUIPEMENTS (EX MEWASA)","FR","CORBEIL ESSONNES",NA,NA,"MEWA02"
"PALFINGER FRANCE","FR","POISY",NA,"44094240700048","PALF01"
"CRAFTEC","FR","LOGNES",NA,"31819826400042","CRAF03"
"ETS  ISNARD ( EX ETS REXEL ISNARD)","FR","ST GENIS POUILLY",NA,"30930461604250","ISNA50"
"FOSELEV","FR","AIX-EN-PROVENCE CEDEX 3",NA,NA,"FOSE01"
"DIMECA","FR","BRON","67960504462","96050446200057","DIME35"
"ACTUANT FRANCE S.A. ENERPAC(EX ENERPAC)","FR","MASSY CEDEX",NA,NA,"ENER30"
"TUBEST FLEXIBLE SOLUTIONS SA","FR","EPAUX-BEZU","82542056361","54205636100075","TUBE75"
"CELDUC","FR","SORBIERS",NA,NA,"CELD50"
"TIXIT RHONE-ALPES","FR","LA GRAND CROIX",NA,NA,"TRA-44"
"BEST BOARD FRANCE","FR","COLLONGES",NA,NA,"BBF-02"
"CREA CLOTURES","FR","SCIENTRIER",NA,"34528145500021","CREA02"
"ETS DESCOURS & CABAUD","FR","BELLEGARDE SUR VALSERINE",NA,"38976785600088","DESC50"
"AIMANTS CALAMIT","FR","MONTREUIL",NA,"42335348100025","CALA05"
"SPIE SUD-EST(EX AMEC SPIE )( EX SPIE-TRINDEL)","FR","SAINT GENIS POUILLY CEDEX",NA,"44005586100304","SPIE31"
"ECOMAL FRANCE S.A.S.","FR","TOURS CEDEX 2",NA,NA,"ECOM03"
"A.P.T.V.  PAYSAGE - VOIRIE","FR","GEX CEDEX","41449207430","449 207 430","APTV01"
"J.L. REFRACTAIRES SAS","FR","CESTAS",NA,NA,"JLR-01"
"SSD PARVEX SAS (EX )PARVEX","FR","DIJON CEDEX","77389191602",NA,"PARV50"
"ELIT ENTREPRISE LYONNAISE D'ISOLATION THERMIQUES","FR","BRINDAS",NA,"95551147200057","ELIT02"
"LUQUOT INDUSTRIE","FR","MOREZ CEDEX",NA,"64605019500031","LUQU01"
"OREST SA","FR","CHATILLON EN MICHAILLE",NA,NA,"ORES01"
"TIMT","FR","CHATEAUNEUF EN THYMERAIS",NA,"31081047800027","TIMT01"
"POLYTEC PI","FR","CHATILLON CEDEX","13326557840","32655784000054","POLY04"
"SIMTRONICS SAS ( EX SIMRAD OPTRONICS ICARE (ICARE SA))","FR","AUBAGNE CEDEX","7644160685","47848238300021","ICAR25"
"SPIE SUD EST/FR + MELOTTE INSTALLATIETECHNIEK B.V/NL","FR","ST GENIS POUILLY",NA,NA,"GR2S98"
"SENIOR AEROSPACE CALORSTAT S.A.","FR","DOURDAN CEDEX",NA,"34768502600010","SENI01"
"INDELEC","FR","MORNANT",NA,NA,"INDE10"
"IPO (FRANCE)","FR","DECINES CHARPIEU","03379633068","37963306800075","IPO-01"
"CEGELEC CENTRE EST(FR) - CEGELEC BV (NL) - SEMER (FR)","FR","ST GENIS POUILLY",NA,NA,"GR3S61"
"RIELLO ONDULEURS - RIELLO UPS","FR","BRIGNAIS",NA,"39291693800104","RIEL02"
"DAMAC - DIFFUSION ADAPTATION MATERIEL AUTOMATISME & CONTROLE","FR","MEYLAN CEDEX",NA,"30084811600020","SOCI05"
"ADVENDI","FR","LES PENNES MIRABEAU CEDEX",NA,NA,"CSE-01"
"CEGELEC ENERGIE CENTRE EST(FR) - CEGELEC BV(NL) - SEMER(FR)","FR","ST GENIS POUILLY",NA,NA,"GR3S61"
"SARL D'ARCHITECTURE HUCHON GRINAND","FR","PERON",NA,NA,"DARC01"
"CHOMETTE & FAVOR","FR","GRIGNY CEDEX",NA,NA,"CHOM03"
"SPIE SUD EST(FR) - WINTER GMBH (DE)","FR","SAINT GENIS POUILLY",NA,NA,"GR2S79"
"SPIE SUD EST (FR) - WINTER (DE)","FR","SAINT GENIS POUILLY",NA,NA,"GR2S79"
"OLDHAM (FRANCE)","FR","ARRAS CEDEX",NA,"43395337900024","OLDH50"
"EDWARDS (FRANCE)","FR","GENNEVILLIERS CEDEX",NA,"37882177100128","EDWA01"
"NTN-SNR ROULEMENTS","FR","ANNECY CEDEX",NA,"32582107200015","SNR-01"
"ALTEAD (FRANCE)","FR","SAINT GENIS POUILLY CEDEX",NA,"72920212700134","ALTE09"
"TECHNETICS GROUP (FRANCE)","FR","ST-ETIENNE CEDEX 1",NA,"40007299700036","GOOD04"
"CHRONOMOLD","FR","TIERCE",NA,"42485971800027","CHRO05"
"KURT J. LESKER COMPANY LTD","FR","LYON",NA,"52067674300013","KJLC02"
"ALSTOM - POWER (FRANCE)","FR","LUDRES CEDEX",NA,"38919224600087","ALST08"
"APC ETANCH","FR","RUMILLY","33451601355","45160135500063","APC-07"
"SAPIM INOX","FR","CHASSE-SUR-RHONE",NA,"70652080600037","SAPI46"
"ASSYSTEM (FR) - SAPHYMO (DE)","FR","ST QUENTIN EN YVELINES CEDEX",NA,NA,"GR2T40"
"AGY EUROPE","FR","LYON",NA,"42314298300026","EUR245"
"FORGITAL FMDL SAS","FR","LE CHAMBON FEUGEROLLES",NA,"58450441900030","FORG02"
"INSTITUT NATIONAL POLYTECHNIQUE DE TOULOUSE","FR","TOULOUSE CEDEX",NA,NA,"INST66"
"VEOLIA WATER (FRANCE)","FR","DECINES CEDEX",NA,"35338571900128","ELGA01"
"TRIOPTICS FRANCE","FR","VILLEURBANNE",NA,"40441245400039","TRIO05"
"ISOLATION DU CENTRE","FR","GIVRY",NA,NA,"IDC-03"
"LRCCP - LABO. RECHERCHES & CONTROLE CAOUTCHOUC & PLASTIQUES","FR","VITRY S/ SEINE CEDEX",NA,"78540237100021","LRCC01"
"MARPHIL INTERNATIONAL","FR","PARIS",NA,"33122457600032","INT192"
"DATE","FR","LA MOTTE D'AVEILLANS",NA,"31472123400016","DATE10"
"HOTEL LYON METROPOLE","FR","LYON",NA,NA,"HOTE59"
"SETIC","FR","ROANNE",NA,"34263557000027","SSAS01"
"POURTIER","FR","SAINT-THIBAULT-DES-VIGNES,","45444456727",NA,"POUR02"
"THORLABS SAS","FR","MAISONS LAFFITTE",NA,"50767236800028","THOR05"
"TROTEC LASER","FR","OZOIR LA FERRIERE",NA,"51953532200019","TROT02"
"EUROPEAN SYNCHROTRON RADIATION FACILITY (ESRF)","FR","GRENOBLE",NA,"33872391900019","ESRF01"
"AERIAL (FRANCE)","FR","ILLKIRCH CEDEX",NA,"40266888300026","AERI03"
"EIGO SYSTEMS S.A.S.","FR","SAINT GENIS POUILLY","90508866779",NA,"EIGO01"
"CONSORTIA DALKIA & SPIE SUD EST","FR","LYON",NA,NA,"GR2T74"
"CLAUGER","FR","BRIGNAIS","34971506191","97150619100024","CLAU30"
"CONSTRUCTIONS R. DELUCINGE","FR","CRANVES SALES","81382523694","38252369400026","DELU50"
"KVIK LYON - ST BONNET DE MURE","FR","ST BONNET DE MURE",NA,"FR47789367323","KLSB01"
"APAVE (FRANCE)","FR","TASSIN LA DEMI LUNE CEDEX",NA,"51872092500040","APAV50"
"NEXCOM (FRANCE)","FR","PARIS LA DEFENSE",NA,"50040630100027","NEXC01"
"APPARENCE COMMUNICATION","FR","AMANCY",NA,"49952756200049","APPA02"
"EBI AGENCEMENT DE BUREAU","FR","GEX",NA,"48800020900012","ESPA75"
"LAPP MULLER (FRANCE) - LAPP GROUP","FR","GRIMAUD",NA,"44846467700013","MULL12"
"KUKA (FRANCE)","FR","VILLEBON SUR YVETTE",NA,"32843048300045","KAR-01"
"ALGADE - GROUPE CARSO","FR","BESSINES SUR GARTEMPE","4389321746","38932174600015","ALGA02"
"CEGELEC ENERGIE CENTRE EST (FR) + CEGELEC SA (CH)","FR","SAINT GENIS POUILLY",NA,NA,"GR2T85"
"ABIX SARL","FR","BUCHELAY","96408337533","40833753300033","ABIX01"
"EMTEC MAGNETICS FRANCE","FR","LEVALLOIS PERRET",NA,NA,"EMTE03"
"STEEL SYSTEMES","FR","GASNY",NA,NA,"STEE56"
"SPIRENT COMMUNICATIONS","FR","VOISINS LE BRETONNEUX",NA,"40390271100049","SPIR03"
"APIS ENGINEERING","FR","GARCHES",NA,NA,"APIS02"
"GLI","FR","MARSEILLE",NA,NA,"GLI-01"
"ALTEAD GROUPE","FR","SAINT GENIS POUILLY CEDEX",NA,"72920212700134","ALTE09"
"SCHNEIDER ELECTRIC FRANCE","FR","PRINGY",NA,"42110670900833","SCHN06"
"INFODIP","FR","SAINT-LEU-LA-FORET",NA,NA,"INFO08"
"INIZIATIVE INDUSTRIALI (FRANCE) (GRUPPO COSMI)","FR","ST GENIS POUILLY",NA,NA,"INIZ02"
"SCHNEIDER ELECTRIC IT (INFORMATION TECHNOLOGIES) FRANCE","FR","SAINT PRIEST","73444643720","44464372000238","MGE-01"
"TELINDUS (FRANCE)","FR","MEYLAN",NA,"34850525600035","TELI08"
"NGRI","FR","SAINT FONS",NA,NA,"NGRI01"
"DALTEC","FR","PARIS",NA,NA,"DALT25"
"HGST, A WESTERN DIGITAL COMPANY","FR","ISSY LES MOULINEAUX",NA,"33448974700041","HGST01"
"CONSORTIUM AMEC SPIE SUD EST/FR  -  AMEC SPIE ZUIDOOST BV/NL","FR","SAINT GENIS POUILLY",NA,NA,"GR2T52"
"CONSORTIUM SPIE SUD EST/FR - SPIE BV/NL","FR","SAINT GENIS POUILLY",NA,NA,"GR2T52"
"INFOR GLOBAL SOLUTIONS (SURESNES) SA","FR","GARCHES",NA,"37762218800045","DATA56"
"EODE","FR","PARIS",NA,NA,"EODE01"
"PLD APPLICATIONS","FR","AIX EN PROVENCE",NA,"03 407 666 650","PLD-01"
"AVANT","FR","PALAISEAU",NA,NA,"AVAN02"
"CEGELEC CENTRE EST (FR)/CEGELEC ESPAGNE (ES)/CEGELEC SA (CH)","FR","SAINT GENIS POUILLY",NA,NA,"GR3S63"
"PCB PIEZOTRONICS","FR","SAINT AUBIN",NA,"43317556900022","PCB-02"
"LOXAM ACCESS (FRANCE) - A LOXAM COMPANY","FR","CHASSIEU",NA,"86750051402714","LOXA05"
"LOUAULT","FR","SAINT FARGEAU",NA,"41200190100013","LOUA01"
"ROBYDRO-HERA","FR","CLUSES",NA,"42486508700011","ROBY01"
"EASY-TEC","FR","MONT-SOUS-VAUDREY",NA,"42494440300015","EASY08"
"ETS CHEVILLARD","FR","ST GENIS POUILLY",NA,NA,"CHEV75"
"TRANE","FR","ALBY SUR CHERAN",NA,NA,"TRA-50"
"GEOS INGENIEURS CONSEILS (FRANCE)","FR","ARCHAMPS",NA,"35163788900046","GIC-02"
"ELECDAN","FR","BELESTA",NA,"30003210900021","ELEC01"
"BEKO","FR","SARREGUEMINES CEDEX","64385381470","41408290900022","BEKO01"
"CIMA TECHNOLOGIE","FR","MONTANAY","89 390 449","39044911400029","CIMA04"
"AMB PICOT - APPLICATIONS MECANIQUES BOISSON","FR","LENTILLY",NA,"42204349700029","AMB-03"
"SIELEC","FR","ST GENIS LAVAL",NA,"97350697500034","SIEL02"
"CLUB ELECTRONICS","FR","BOULOGNE BILLANCOURT","11422736702","42273670200057","ELE176"
"SARL M.I.D.","FR","ALBERTVILLE",NA,NA,"MID-02"
"INDELEC","FR","DOUAI",NA,"04555050600021","INDE04"
"SERGI TRANSFORMER FIRE PROTECTION","FR","ACHERES",NA,"48060376000012","SERG01"
"DHS - DIESEL HYDRAULIQUE SERVICES","FR","ENNERY",NA,"32014346400016","DHS-02"
"BILLET FOURNIER","FR","MEYTHET",NA,"33996446200040","BILL50"
"ADTP","FR","VILLE LA GRAND",NA,"77565451000178","ADTP01"
"COLLY-BOMBLED","FR","AUTET",NA,"34940679300019","COLL76"
"BEHRINGER FRANCE","FR","DIJON",NA,"40385793100014","BEHR01"
"LE JOINT FRANCAIS","FR","BEZONS",NA,"54203575300020","JOIN09"
"SOCRAM","FR","NONANCOURT",NA,"41031530300017","SOCR01"
"RS - RADIOSPARES (FRANCE)","FR","BEAUVAIS CEDEX","68334534039","33453403900030","RADI91"
"TCHOULFIAN","FR","ROUSSILLON",NA,"32792463500011","TCHO01"
"ADDIS ELECTRONIC","FR","BLAIN",NA,"48455672500030","ADDI03"
"CEGELEC ENERGIE CENTRE EST (FR)/ CEGELEC (ES) / CEGELEC (CH)","FR","SAINT GENIS POUILLY",NA,NA,"GR3S63"
"PASCAL PONCET CARROSSERIE INDUSTRIELLE - PPCI","FR","LA BALME DE SILLINGY","FROD51885531","SIREN518 855 317","PPC-04"
"CARGOTEC FRANCE","FR","LYON",NA,NA,"CARG08"
